"number","sentence","label1"
"1","Lambert 1907 automobile advertisement with the friction transmission featured in it ","advertising"
"2","Facebook has since turned these insights into precision advertising, the foundation of its business. ","advertising"
"3","It is an advertising technology (ad tech) tool that, throughout a platform, administrates the ads and their distribution ","advertising"
"4","Cookies can be used in online advertising as well, to remember your interests and show you related ads as you surf the web. ","advertising"
"5","Remember there is a famous AD copy is like this: believe you choice, wonderful everywhere. ","advertising"
"6","Boguan Advertisement has been committed to providing advertising services for the jewel and jade industry ","advertising"
"7","Good advertisement is a good promotion of products, it also likes any other aesthetical things which touch us innerly. ","advertising"
"8","In 1982, its ads proclaimed that it had ""140 locations, coast to coast"" ","advertising"
"9","He bought ads on Budget Travel, and he bought out Lonely Planet's home page for a week. ","advertising"
"10","With the examples of the car advertisements, this paper attempts to explore the features of the slogan of French advertisement by studying its succinctness, orality, humanity and vividness ","advertising"
"11","Ad executives say spending money on online content often is more important than buying ads ","advertising"
"12","Advertising regulation focuses heavily on the veracity of the claims and as such, there are often tighter restrictions placed around advertisements for food and healthcare products ","advertising"
"13","Lina Leandersson responded to an online advertisement seeking a 12-year-old boy or girl ""good at running"" ","advertising"
"14","Advertising will be placed in the Wall Street subway station and it will be wrapped around double-decker tour buses. ","advertising"
"15","No matter from which Angle, advertising creative affect communication effect this variable factors. ","advertising"
"16","A 1922 advertisement from a Scottish stove manufacturer for a multifuel stove ","advertising"
"17","The advertisements announced new health remedies as well as fresh foods and beverages ","advertising"
"18","If you're trying to make money from ads, you need to be creative in your ad placement or in the types of ads you have on your site. ","advertising"
"19","These ads are permitted from noon until 3 pm on school days and from 8:30 pm to 5 am every day ","advertising"
"20","You could check your ad history to see if the ads that attracted your attention supported their claims and offered useful information. ","advertising"
"21","However certain advertisers do not always transfer their intents directly, but in some indirect ways, and one of them is pun. ","advertising"
"22","Mondale borrowed the line from a hamburger commercial that had used the phrase to suggest that competing products shortchanged the consumer. ","advertising"
"23","Also known as profit-making commercial advertising or financial advertising, in terms of profits for the primary purpose of advertising. ","advertising"
"24","""The cost per revenue dollar of online ad systems is so much lower than"" for offline advertising, he said. ","advertising"
"25","compared with other elements, the advertising creative advertising in relation to the success or failure of key elements. ","advertising"
"26","To promote products and build up the image in the minds of consumers, advertising is inevitable word ""exaggerated. "" ","advertising"
"27","Online advertising does not seem able to deliver the kind of revenue that old-fashioned subscription services did. The culprit? ","advertising"
"28","People have always been equivocal about advertising, worrying that it hoodwinks them into buying things they do not need. ","advertising"
"29","Apple will continue to allow outside ad services to place ads in apps, though such ads often redirect users to a Web site when clicked. ","advertising"
"30","It is at them that Michelob Light aims its ad with the slogan: ""Who said you can't have it all? "" ","advertising"
"31","Online advertising will pay for everything. As if click fraud is any kind of a threat. ","advertising"
"32","The ads you click don't just boost revenue for Google, they also tell it how much to charge the next advertiser. ","advertising"
"33","One of the earliest advertisements (1868) was for mulberry and fruit trees ","advertising"
"34","And they put advertising against it and linked from it to iTunes ","advertising"
"35","They decided to advertise for their new product on TV ","advertising"
"36","Advertisers once primarily bought ads on specific Web pages - a car AD on a car site ","advertising"
"37","6cm high and therefore the largest glass vessel from Antiquity ","antique"
"38","No wonder all over the world and become a collector of antiques and antique fans search for beloved antiquities itinerary. ","antique"
"39","They That you spend all day dealing with antiques, antique, which caused very calm! ","antique"
"40","Behind the hotel are a number of antique stores and in the evening, dozens of stalls appear and turn the street into an antique market. ","antique"
"41","Panjiayuan antique seems to be going like the Tibetan treasure box collection room and gradually infiltrated into people's daily lives. ","antique"
"42","To know whether the vase is an antique, it needs the appraisal of the experts ","antique"
"43","At an antique shop, Basant and Vasant see an antique duck made of glass ","antique"
"44","He is both an expert, and master in antique authentication. ","antique"
"45","The famous collection of rare antiques is coming out next month ","antique"
"46","A prominent art collector, he owned ""a large collection of paintings by old masters and antique gems ","antique"
"47","By US standards, a genuine antique must be at least 100 years old ","antique"
"48","The SA Forum Application Interface occurs between a process and a library that implements the interface ","application"
"49","Oracle has released several Java Card platform specifications and is providing SDK tools for application development ","application"
"50","WayRay demonstrated its development platform ''True AR SDK'', which is created to allow others to build augmented reality apps for automobiles ","application"
"51","WebCenter Services includes Oracle ADF user interface components (called Taskflows) that can be embedded directly into ADF applications ","application"
"52","This paper discussed a software design of the onboard navigation system, using GPRS technology ","application"
"53","Thus, parsing a string of the grammar produces a sequence of rule applications ","application"
"54","The application design offers the possibility of using the graphic tools as well as ignoring many of them and using the program as integrated development environment ","application"
"55","When automating the testing of any large Java application, you are bound to run across custom controls. ","application"
"56","Jspx should not be confused with other technologies using the same name like Oracle Application Framework and XML JSP ","application"
"57","'''Oracle WebCenter''' is Oracle's portfolio of user engagement software products built on top of the JSF-based Oracle Application Development Framework ","application"
"58","Locomotive software was mainly divided into audio capture and compression module, file storage management module, wireless Ethernet data download module, MAX485 communication module; ","application"
"59","com released the KitchMe app for Google Glass, the first cooking application for Google Glass ","application"
"60","String interning is a common application of interning, where many strings with identical values are needed in the same program ","application"
"61","What are the recommended best practices for Java developers who are interested in using ROO framework as part of their software development process? ","application"
"62","In addition, 3rd party software developers could freely implement new applications for the Nokia 9210 Communicator and offer them for download by the users ","application"
"63","''True AR SDK'' - an augmented reality development framework for third-party developers which allows building AR apps for cars ","application"
"64","Some apps are able to collect actual car prices around the world and select the best offers  ","application"
"65","Generally speaking, every software development project has a group of testers and a group of developers ","application"
"66","It is possible to type directly from one's keyboard without the need to use web applications which implement an input method ","application"
"67","The architecture of applications, including dynamic Web applications, is often described in terms of tiers. ","application"
"68","Rational Web Developer is an easy-to-use IDE for visually constructing, testing, and deploying applications. ","application"
"69","Play with the sample application to see for yourself how much fun calculating any date can be with Joda. ","application"
"70","The network faults framework provides developers with an API that categorizes network exceptions passed to it by an application. ","application"
"71","Software development is about modeling the real world in code ","application"
"72","The program is notable for being the first steganography tool  ","application"
"73","The base '''WebCenter Framework''' allows a user to embed portlets, ADF content, and customizable components in an Oracle ADF application ","application"
"74","You may also need signal conditioning equipment, depending on the specifications of your application. ","application"
"75","Your application is now ready to run and behave according to the coded logic ","application"
"76","Unlike most similar programs, it does not open a separate program window for the magnification but instead puts a movable magnifying glass on the screen ","application"
"77","Such client applications and services include Desktop Productivity Tools (spreadsheets, word processors, presentation software, etc ","application"
"78","During a 1912 Egyptian excavation, German archaeologist Ludwig Borchardt discovered the bust of Nefertiti, a 14th Century BC Egyptian queen. ","archaeology"
"79","The silcrete found at archaeological sites was glossy with a fine grain and a reddish color. ","archaeology"
"80","the traditional object of archaeological material is often a relic or relics of Foucault's archaeological objects is knowledge. ","archaeology"
"81","The archaeological excavation at Ubina uncovered remains of structures, pottery, jewelry and coins ","archaeology"
"82","The majority of evidence for Maya piercings comes from archaeological remains of jewelry found in tombs, such as labrets and ear spools ","archaeology"
"83","During the archaeological excavations in Haqq?xl?q were found the bronze daggers, arrowheads, cookware and jewelry of the III-II millennium BC ","archaeology"
"84","In China, archaeological evidence of medicine in Chinese dates back to the Bronze Age Shang Dynasty, based on seeds for herbalism and tools presumed to have been used for surgery ","archaeology"
"85","archaeologists since then have made extensive archaeological discoveries, and unearthed many historical remains and cultural relics. ","archaeology"
"86","Nearby, archaeological excavations have uncovered the remains of dwellings and stone tool workshops ","archaeology"
"87","Archaeologists say they have dug up a woman skeleton dating to the 10th century B. C. in an ancient necropolis in the heart of Rome. ","archaeology"
"88","Because the wood or bamboo handle was easy to rot, the complete bronze pi was not unearthed in the archaeological excavation before. ","archaeology"
"89","Archaeologists also found a gatehouse and a royal building with a large amount of pottery shards at the ground floor. ","archaeology"
"90","The archaeologists who made the original finds believed the markings to be similar in form to some characters used in the much later oracle bone script ","archaeology"
"91","stone tools recovered alongside the skeletal remains were from archaeological horizons ranging from 50,000 to 190,000 years ago ","archaeology"
"92","Foods found in archaeological excavations include diverse types of legumes, onions, and garlic. ","archaeology"
"93","Last week, archaeologists discovered a large ancient ruins ","archaeology"
"94","In the same hill other caves have yielded archaeological remains such as stone tools and food remnants, but no more skeletons ","archaeology"
"95","A major archaeological find was made in the year 1863 when the British archaeologist Robert Bruce Foote discovered a stone implement from the Paleolithic Age inside a ballast pit ","archaeology"
"96","Further, limited archaeological digs were organized in 1958 and 1971 to explore the edges of the graveyard ","archaeology"
"97","a rare handled beaker is found during archaeological excavations at a bronze age burial cairn in the black mountains ","archaeology"
"98","Pre-Roman archaeological discoveries include Bronze Age axes and jade jewelry ","archaeology"
"99","The archaeological works revealed knapped stone tools from deposits that were dated using optical luminescence dating ","archaeology"
"100","In the district was found an archaeological site of a former building on a hill 2000 m above sea level ","archaeology"
"101","During the excavation, all artefacts were taken to laboratories for treatment and then put back to their original location. ","archaeology"
"102","Significant archaeological collections of stone tools and numerous fossil animal specimens were also found at the site ","archaeology"
"103","In 1961, the Danish archaeological team excavated approximately 30,000 stone implements from 122 paleolithic sites ","archaeology"
"104","Publication of metal finds, especially weapons, tools and harnesses from several other Greek archaeological sites ","archaeology"
"105","It was referred to as another great discovery after Chinese archaeology of Yin dynasty in Henan in archaeology last century. ","archaeology"
"106","In addition, archaeologists also found a human polished stone axes and flint knives and other traces of human activity. ","archaeology"
"107","After more than four years of underwater searching and digging, archaeologists today displayed the remains of a vanished Egyptian city. ","archaeology"
"108","Machine vision and image recognition is one of the key technologies to improve the intelligent level of industrial robot. ","artificial"
"109","this in combination with the new castles turned out to much for the AI so the team decided to make a new AI from scratch! ","artificial"
"110","At least one area of experience or knowledge in search, natural language processing, data mining, machine learning, distributed computing. ","artificial"
"111","He has also developed AI algorithms for semi-autonomous systems with potential applications to semi-autonomous cars ","artificial"
"112","Creating a translation machine has long been seen as one of the toughest challenges in artificial intelligence. ","artificial"
"113","The artificial intelligence within the tool uses a deep convolutional neural network to recognize patterns of distinct subtypes ","artificial"
"114","Artificial Intelligence (or AI, for short) is the name given to any attempt to have computers gain attributes of the human mind. ","artificial"
"115","Are often used to simulate future technology that isn't available yet, particularly artificial intelligence. ","artificial"
"116","asimo , the world ' s most advanced humanoid robot - can also speak japanese as well as being able to walk upstairs and recognise voices. ","artificial"
"117","Face detection applications of a wide range of intelligent machines to achieve one of the important steps. ","artificial"
"118","Because AI lacks general intelligence, Shane is skeptical of efforts to power self-driving cars or to detect online hate speech using artificial intelligence ","artificial"
"119","Some question whether artificial intelligence, which always seems just a few years away, will ever work well enough. ","artificial"
"120","These abilities derive from something called machine learning, which is at the heart of many modern AI applications. ","artificial"
"121","Chess programming provides a foundation for developing more advanced forms of AI that are to be found in Go programs. ","artificial"
"122","Can be expected, a few years later, we see the car in the street are smart driving, driving test, and we no longer need to practice driving. ","artificial"
"123","Using artificial intelligence, the tool automatically records the institutional subscriptions each user has and searches for full-text versions of selected papers to which the user may have access ","artificial"
"124","Artificial intelligence was made more aggressive, allowing opponents to crash cars in accidents ","artificial"
"125","In other words, in most cases, artificial intelligence is a tool rather than a substitute for labor ","artificial"
"126","The next day, Jacky and the group run into a slave auction ","auction"
"127","In 2014 Sotheby's Geneva featured Mavrommatis' gems in their November jewelry sale in an event the auction house titled ""The Passion of Collecting"" ","auction"
"128","This on sale clinches a deal the record of maximum price of beneficent auction activity that the price achieves a company to organize. ","auction"
"129","That means online bidders are unlikely to be the trade buyers and investors that crowd live sales. ","auction"
"130","The sale drew thousands of bidders and fetched several record prices for several artists. ","auction"
"131","Today the exceptionally rare automobile can fetch the better part of US$250,000 at auction ","auction"
"132","3 billion is up for sale in two auctions, one of the largest allotments so far this year. ","auction"
"133","Longoria was the top celebrity donation-getter in Twitter's first ever celebrity charity auction, Twitchange, which she helped spearhead. ","auction"
"134","After her death, seventeen items from her personal jewel collection were auctioned off at Christie's on April 17, 2012 ","auction"
"135","62 million at a Bonhams car auction held in Carmel, California ","auction"
"136","At that time it set a new world record for the highest price ever paid for an automobile at auction ","auction"
"137","Also in June 2015, Apollo won the bidding during an auction for Saint-Gobain's Verallia glass bottle manufacturing unit for ?2 ","auction"
"138","Two GTX cars were completed before production ceased, with one selling for $220,000 at a Barrett-Jackson auction in 2012 ","auction"
"139","*On November 24, 2013 New Asia Pacific International Auction Ltd (Macau) held a special auction for Huang Yue's bird and flower and water ink paintings ","auction"
"140","Typically, automobile auctioneers at dealer-only auctions and livestock auctioneers are known for their high-speed chants ","auction"
"141","Rowland Ward's mounted heads and glass bird boxes are very collectible today in England, with several auction houses offering specialised sales each year ","auction"
"142","The marathon weeklong auctions are unlike those in New York or London, where the two houses stage sales year round. ","auction"
"143","It is also used for property auctions, and car boot sales ","auction"
"144","The assets of National Glass were sold at auction during November 1908 ","auction"
"145","78-carat Fancy Intense Pink diamond and, until the sale of the Sweet Josephine diamond in November 2015, it was the most expensive jewel ever sold at auction ","auction"
"146","New York sold these slaves using slave markets, giving slaves to the highest bidder at an auction ","auction"
"147","Dealers bid competitively in a multiple-price auction held every day at noon ","auction"
"148","On June 1, 1856, he held another mock slave auction seeking enough contributions to purchase the freedom of a young woman named Sarah ","auction"
"149","At a recent US sale organised by Julien's Auctions, approximately 35 per cent of items were snapped up by Asian buyers. ","auction"
"150","Auctions have been used in slave markets throughout history until modern times in the post-Gaddafi era Libya ","auction"
"151","It includes audio dialogs that feature synthesized speech, digitized audio, recognition of spoken and telephone tone dialing input, and recording of spoken input ","Audio"
"152","Individually, Rechshaid contributed vocal production, while Raisen was responsible for recording, Pro Tools engineering, additional vocals, synthesizers, and mixing ","Audio"
"153","The recording was all done to tape, and the band did not use editing software such as Pro Tools to ""perfect"" the recording ","Audio"
"154","When she walks into the studio one night at 7, she says she's been up since 5 a. m. and she will work until almost midnight. ","Audio"
"155","It's also the first compact camera from Nikon to shoot video at 1080p and provides a 'real' experience with stereo audio and HDMI video output ","Audio"
"156","Additional recording took place at Madhouse Studios in Miami, Florida ","Audio"
"157","It allows you to record, produce and edit music, voice and other audio ","Audio"
"158","'Over My Head'' was recorded in-studio after a live concert commissioned by the Canadian Museum of Nature, in which music was blended with tape looped field recordings of birds ","Audio"
"159","The students inst take p good in recordings in the Accommerciingemyas recording studio. ","Audio"
"160","The recorder can be controlled to record audio via the microphone or streaming audio played on the sound card ","Audio"
"161","In September 1965, he oversaw Marc Bolan's first recording session, at Decca when he recorded ""The Wizard"" ","Audio"
"162","On recordings, how much preparation and arranging do you do before you go into the studio? Or it is mostly an outline of songs? ","Audio"
"163","His career began as a roadie and sound engineer for The Beach Boys on whose Summer in Paradise he worked as a recording engineer ","Audio"
"164","DJ Dahi wrote the song's chord melody, after which G?ransson was invited to the recording sessions ","Audio"
"165","We finished our record and it's being mastered right now ","Audio"
"166"," At the age of 7, under the supervision of her uncles, Brianna Perry made her first recording at the Poe Boy Music Group studios ","Audio"
"167","The cause of the death of the birds is determined as due to an outbreak of bird flu ","avian"
"168","With a mortality rate of more than 50%, the bird flu outbreak in Asia is beginning to gain worldwide publicity. ","avian"
"169","Investigation of his source of infection revealed contact with household chickens, which began dying around one week prior to symptom onset. ","avian"
"170","Ironically, after years of concern about H5N1 bird flu, the new flu causing concern is a pig virus, of a family known as H1N1. ","avian"
"171","AI virus genes have been thought to be the principal gene reservoir and the cause of changes of human influenza virus. ","avian"
"172","In April, 2011, a strain of bird flu, H5N2, broke out in Oudtshoorn ","avian"
"173","You could see an avian strain that would infect the poultry flocks, and then we would have no eggs for our vaccines. ","avian"
"174","The latest outbreak occurred at a farm in the town of Takahashi in Okayama Prefecture, where at least 30 chickens died last week. ","avian"
"175","Following an initial avian influenza A(H5N1) outbreak on a cock farm in the Republic of Korea , avian influenza spread to 14 other farms. ","avian"
"176","A further health crisis, the Bird Flu Pandemic (H5N1) gained momentum from the late 90s, and led to the disposal of millions of rooster and other poultry ","avian"
"177","Canadian Food Inspection Agency creates a programme for routine testing of poultry for avian influenza (bird flu), after British Columbia had to destroy 57,000 roosters ","avian"
"178","Highly pathogenic avian influenza virus can be found inside and on the surface of eggs laid by infected birds. ","avian"
"179","The latest detection of the often-fatal avian influenza strain pushes the total number of cases discovered in Vietnam to 68. ","avian"
"180","The current H5N1 strain is a fast-mutating, highly pathogenic avian influenza virus (HPAI) found in multiple bird species ","avian"
"181","The statement said the woman became ill after contact with dead poultry suspected of having the virus. ","avian"
"182","China reports bird flu struck a poultry market in the Tibetan capital of Lhasa, prompting the culling of nearly 7,000 birds ","avian"
"183","WHO says H5N1 virus is widespread in birds, particularly poultry which seems to be the source of the Asian infections. ","avian"
"184","A bird flu virus has been found in a pair of wild cranes in the state of Michigan. ","avian"
"185","January 16, 2007: ""A new outbreak of virulent bird flu is confirmed in cock in northern Thailand -- the first such case in six months ","avian"
"186","FAO reminded consumers that avian influenza is not a food-borne disease and that the bird flu virus is killed by the heat of normal cooking. ","avian"
"187","That could mean bird flu will remain a dead end, infecting the occasional unlucky person but never turning into a full-blown pandemic. ","avian"
"188","Reflecting on this sutra passage, we may infer that the bodhisattvas of that land do not advance from stage to stage. ","Buddhism"
"189","The person can express he/her faith through the act of taking refuge and the usual conversion require a recital of accepting the Triple Gems of Buddhism ","Buddhism"
"190","With Maitreya then took him to a certain heaven, the way the Buddhist myth unfolds in a typical way. ","Buddhism"
"191","Sacred Buddhist amulets are made within that religious schema, created and blessed in various temples in Thailand, many depicting Buddha with cocks in fighting stance, sacred within that religion ","Buddhism"
"192","Her books on Buddhism and Reincarnation include: The Boy Lama'', ''Reborn in the West'', ''Cave in the Snow'' and ''Why Buddhism ","Buddhism"
"193","wish-fulfilling jewel"" in Japanese Buddhism, magic jewels of N?ga kings in Hindu mythology, and the pearl associations of Chinese dragons in Chinese mythology ","Buddhism"
"194","Boy George has credited his practice of Nichiren Buddhism and chanting Nam My?h? Renge Ky? for his newfound spiritual strength to remain sober ","Buddhism"
"195","At T? ??m, the temple of Buddhist protest leader Th?ch Tr? Quang, monks attempted to burn the coffin of a monk who had self-immolated recently ","Buddhism"
"196","The Buddhism aspect that is combined with these customs would be the burning of the incense and the offering of fruits as a sign of respect to the dead ","Buddhism"
"197","Buddha's enlightenment under the bodhi tree, under the bodhi tree Huineng chant in ""Bodhi-tree. "" ","Buddhism"
"198","Buddha continued to preach until the age of eighty, spreading the philosophy that man has the power to shape his own destiny. ","Buddhism"
"199","The monk W?nch'?k studied in China under Xuanzang and developed his interpretation of Yog?c?ra Buddhism derived from Xuanzang's New Yog?c?ra ","Buddhism"
"200","He travelled to China, where he studied Tangmi (Chinese Vajrayana Buddhism) under the monk Huiguo ","Buddhism"
"201","South Buddhists believe that Buddha Sakyamuni was born, Road, in this Nirvana, which, as the Buddha. ","Buddhism"
"202","Jewel imagery forms a central part of Buddhism: the triple-jewel represents 'Buddha', his teachings 'Dharma' and the spiritual community 'Shangha' ","Buddhism"
"203","S?n Buddhism, a Korean form of Chan Buddhism, began with the seventh century Silla monk P?mnang, who studied in China with the Fourth Patriarch of Chan Buddhism, Daoxin ","Buddhism"
"204","In South Korea, the ritual, called ''sugye'' (??), involves formally taking refuge in The Three Jewels of Buddhism: the Buddha, the Dharma, and the Sangha, and accepting the five precepts ","Buddhism"
"205","King Ashoka embraced Buddhism after he was inspired by a monk named ?Nigrodha ","Buddhism"
"206","Toutuoxing was one of the most common means of practicing Buddhism in the early Buddhism. ","Buddhism"
"207","Tibetan Buddhism from the beginning to the post-Philip Tsongkhapa times, Tibetan society emerged in many denominations. ","Buddhism"
"208","65 Ming's half brother Liu Ying converted to Buddhism ","Buddhism"
"209","China has the Buddhism but Buddha was an Indian Prince and Buddhism is nothing more than a split end of the Vedas. ","Buddhism"
"210"," Buddhism has been practiced in Japan since its official introduction in 552 CE according to the ''Nihon Shoki'' from Baekje, Korea by Buddhist monks ","Buddhism"
"211","Born in Malaysia and ordained as a monk by Master Chuk Mor () in Penang, he later went to Taiwan to study at Fo Guang Shan Institute of Chinese Buddhism ","Buddhism"
"212","There is documentation that monks living at Shaolin temple during the eighth century performed esoteric practices there such as mantra and dharani, and that these also influenced Korean Seon Buddhism ","Buddhism"
"213","In Buddhism  , the lad are encouraged to follow the faith while young ","Buddhism"
"214","Xuanzang says that Buddhism was brought to Central Asia by Trapusa and Bahalika (referring to Balkh) two merchants who offered food to the Buddha after his enlightenment ","Buddhism"
"215","David: Speaking of food, I am hungry. Let's go to the cafeteria ","catering"
"216","The Pinnacle prides itself on its buffet breakfast, which is served in a large but rather characterless dining room. ","catering"
"217","Company-owned restaurants have also closed for === Big Boy Restaurant Group === In 2018, Big Boy was sold to a group of Michigan investors and renamed Big Boy Restaurant Group ","catering"
"218","Food is too expensive, prices have dropped, canteen should be an appropriate price adjustment. ","catering"
"219","They were sitting in the corner of the cafeteria, as far away from where I sat as possible in the long room. ","catering"
"220","Like in Texas, in a five-star hotel I go to the restaurant and there is a menu. On the left side is hamburgers, meat, chicken, fish, vegetarian ","catering"
"221","The restaurant offers special seasonal food during the holidays ","catering"
"222","In the restaurant industry, sommeliers are often present to make food pairing recommendations for the guest ","catering"
"223","its refectory, with the adjoining church of presentation to the temple, was finished by 1679 ","catering"
"224","The cafe provides quick self-service at low prices ","catering"
"225","The restaurant struck a chord with young urbanites and quickly became a dining destination that built a needed sense of community ","catering"
"226","The catering services are constantly trying to innovation, adhering to the "" fresh is best"" the purpose, sincere service to every customer.","catering"
"227","My only inconvenience was that the dining area was small, so one might have to wait a little bit for a free table. ","catering"
"228","The cafeteria was noisy, the food was only so-so, but service was brisk and she could be in and out in fifteen minutes. ","catering"
"229","Hotel Gault is home to Gault restaurant, a Montreal restaurant that serves breakfast, weekend brunch, and lunch. In-room dining is available 24 hours a day ","catering"
"230","The chain snack enterprise being that the whole world is maximal owns MacDonald exceed quick 31000 dining halls, scatters in the whole world 121 countries sum area ","catering"
"231","McDonalds and Kentucky Fried Chicken are called fast-food restaurants ","catering"
"232","At the restaurant the menu is all in Japanese and the waitress was a bit frustrated trying to explain it to me. ","catering"
"233","In 1992 the famous buffet was launched in Pizza Hut restaurants worldwide ","catering"
"234","But the name of a restaurant won't necessarily tell you much about the kind of place it is or the food it serves. ","catering"
"235","Gibontei, also known as the Forest Animal Restaurant, is the zoo's main restaurant ","catering"
"236","since 2004, an Indian restaurant 'Little India' in a building formerly occupied by the Olde Cock Inn ","catering"
"237","Chatswood has a wide variety of restaurants and cafes and is known as a major dining destination in the Lower North Shore of Sydney ","catering"
"238","He has also operated a food cart called Yolk since 2011, and his restaurant Bird and Bear has been described as a sibling restaurant to Toast ","catering"
"239","The Japanese Big Boy Restaurants do not offer the Big Boy hamburger or most other American Big Boy menu items, offering a distinct menu instead ","catering"
"240","The dining room has a glass door leading to one of the property's three outdoor eating areas ","catering"
"241","KFC is currently one of the largest businesses of the global fast food service industry ","catering"
"242","Customer: Waiter, I've only got one piece of meat in my dish. Waiter: Just a moment, sir and I'll cut it in two. ","catering"
"243","The area close to the train station has a lot of restaurants mainly offering Korean food ","catering"
"244","After the meeting, we be to which le adjwen to the Rose Room of the hotel to a buffet dinner. ","catering"
"245","some monasteries, boarding schools, and older universities refer to their cafeteria as a ''refectory'' ","catering"
"246","At our local restaurant, customers get dessert on the house if they order a meal ","catering"
"247","Maybe the dining hall needed to make sure everyone in dining hall felt comfortable and did not feel crowd. ","catering"
"248","The cafeteria provided many kinds of dishes for us today ","catering"
"249","The Cock Horse Pub ==Entertainment and dining== Hildenborough is home to several pubs, restaurants and cafes, including the refurbished Hilden Manor, the Flying Dutchman and the Half Moon ","catering"
"250","A man went into a restaurant andsat down at one of the table. A waiter went up to him and gave him the menu. ","catering"
"251","Please have meal at the canteen. Do not take food out of the canteen or eat at office. ","catering"
"252","Hotel guests have their meals free, so they naturally go to the free dining rooms to have their meals ","catering"
"253","It's only a small restaurant and yet it is always filled with ustomers ","catering"
"254","Mo's in Lincoln City, Oregon '''Mo's Restaurants''' is an American restaurant chain located on the Oregon Coast and headquartered in Newport, Oregon ","catering"
"255","Another eatery, the Battery Gardens restaurant, is located next to the United States Coast Guard Battery Building ","catering"
"256","Manuel speaks to the cook in Portuguese and the cook tells the Captain: All the bottom half of him is gone, and he doesn't want the boy to see ","chef"
"257","cooking is done both by people in their own dwellings and by professional cooks and chefs in restaurants and other food establishments ","chef"
"258","He currently cooks the food at his own restaurant, and is a consulting chef at Rack & Soul ","chef"
"259","Outside of music, Wong is a noted cook and food blogger ","chef"
"260","The master cook and his boy (probably Hans Drier and Poppilman) had to do the job of the absent kitchen aids and dress the food for the table ","chef"
"261","In the kitchen she faced being bullied by the cook and stared at by the kitchen boys who even boxed her ears ","chef"
"262","Hussain travelled across the country, visiting food producers, and then returned to her kitchen to cook using ingredients found on her journeys ","chef"
"263","Pulled from the ocean, or gathered farm fresh, this produce would be transformed by a local chef into a memorable dish fit for a king. ","chef"
"264","Formerly the cook of the COWCOW, but left the ship on a journey to improve his skills ","chef"
"265","The cruel master would beat the cook, an island boy who was an artist in the kitchen ","chef"
"266","Fresh ingredients are expertly combined by the chefs to create dishes that explode with out-of-this-world flavors. ","chef"
"267","She said she was a good cook, but the food she cooked is insipid ","chef"
"268","He is a good cook and joins Rachel along her journey to help guide the six BeyRaiderz back to full strength ","chef"
"269","On a long voyage, food became the centre of attention for the crew and a cook unable to produce food which was considered acceptable would very quickly become seriously unpopular ","chef"
"270","Some chefs utilize fruit carving as a culinary technique ","chef"
"271","The best chef in the world is the cook who's been with my family for 30 years. I eat at my mom's house ever day. ","chef"
"272","Cantonese chef would consider it a culinary sin of the highest order to produce a dish that was overcooked or too heavily seasoned. ","chef"
"273","The cook combined whipped cream, sugar, and vanilla to make a topping for the compote ","chef"
"274","At first, I only did pastry, because the non-Chinese were not allowed to cook hot food, but I persuaded the head chef to let me cook. ","chef"
"275","The chefs are given 1-3 mandatory ingredients, such as pig heads, jackfruit, and live catfish ","chef"
"276","Other chefs suggest that the heating is unnecessary and in fact dries the fruit, spoiling its taste ","chef"
"277","A mysteries chef named Louis enters her life when she tastes his food ","chef"
"278","In a Mystery Box Challenge with a twist, the chefs will pick which fruits they will like to use in their dishes ","chef"
"279","TSMC was one of the first big chipmakers to restore investment plans that had been curtailed by the downturn, and is expanding its R&D team. ","chip"
"280","AMD Take the First Step Toward Heterogeneous Multicore Processors ","chip"
"281","The co-founder of Intel was known for his 1965 principal which made possible the delivery of more powerful and lower costing semiconductor chips ","chip"
"282","their objective is to provide standard debug protocols and standard interfaces from a system on a chip (SoC) to the debug tool ","chip"
"283","The chip implements a full-duplex serial communications interface that enables the extension of an internal bus segment to one or more external physical devices ","chip"
"284","MOS chips further increased in complexity at a rate predicted by Moore's law, leading to chips with hundreds of MOSFETs on a chip by the late 1960s ","chip"
"285","In integrated circuit (IC) chips design, the verification is one of the most complex and time-consuming step in the chips design flow. ","chip"
"286","FPGA got rapid development since its birth; it has become one of the most popular implementation media for digital circuit. ","chip"
"287","The use of Altera Corporation FPGA chips, the design of a car taillight controller, to achieve a state of auto taillights display control. ","chip"
"288","Toshiba is the world's third - largest maker of microchips and also owns the Westinghouse reactor design company . ","chip"
"289","The MT8135 system-on-chip (SoC) for tablets announced in July, 2013 was the industry's first chip to implement the new ARM big ","chip"
"290","TSMC's results come a day after Taiwan's UMC, the second biggest contract chipmaker, reported greatly improved results. ","chip"
"291","Tesla also designed a self-driving computer chip that has been installed in its cars since March 2019 ","chip"
"292","I got a chance this week to see what computer chip maker Intel has up its sleeve in preparation for the next tech boom. ","chip"
"293","These chips were SRAM memory chips often used to get new manufacturing processes debugged. ","chip"
"294","And it would similarly take several years of further progress in Moore's Law, before improved chip manufacturing could fit all this into a few dense chips ","chip"
"295","Chipmakers are in a better position than solar panel makers as many have long-term contracts at fixed prices to ensure supplies. ","chip"
"296","However, chip designers are faced with a difficult challenge when trying to develop a ten million gate design from scratch. ","chip"
"297","Due to technology push and application pull, the Chip Multiprocessors (CMP) have become the trend of the high performance microprocessors. ","chip"
"298","Most chip makers keep multiple weeks of inventory of wafers on hand. ","chip"
"299","Samsung is the world largest manufacturer of memory chips and Apple is one of its most important customers. ","chip"
"300","in late 2020, chip designer amd released desktop microprocessors based on zen 3 codenamed ""vermeer"" to honor vermeer's beautiful art legacy ","chip"
"301","The chip is the first Sun/Oracle SPARC chip to use dynamic threading and out-of-order execution ","chip"
"302","TSMC also illustrates a corollary of Moore's Second Law: even the biggest chipmakers must keep expanding. ","chip"
"303","inprocomm produced seven wireless chip designs in total, along with accompanying reference designs for pci, mini-pci and cardbus ","chip"
"304","Schedule seasonal socializing for the period immediately after Christmas, rather than trying to jam in one more party before Christmas Day. ","Christmas"
"305","And if our sentence is true then Santa does not exist, in which case the name ""Santa"" does not refer to any actual thing. ","Christmas"
"306","In India, Christmas cakes are traditionally a fruit cake with many variants ","Christmas"
"307","The Yule Lad arrive over the course of the last 13 nights before Christmas, beginning on 12 December ","Christmas"
"308","It's Christmas Eve and Santa's getting ready to deliver presents to boys and girls all round the world. ","Christmas"
"309","To me, Christmas means family and fun, snow and Santa Claus , and, of course, plenty of presents. ","Christmas"
"310","In the West, the company annual party is always around the Christmas, right ","Christmas"
"311","I decided that I was going to keep it a secret and give it to her as a surprise for Christmas. ","Christmas"
"312","Scrooge hated Christmas and he refused his nephew's invitation for dinner on Christmas Day. ","Christmas"
"313","Following their participation in a dress parade on Christmas Day, 30th Ohioans then celebrated the holiday with food and entertainment ","Christmas"
"314","If one were to ask me what my favorite holidays are, number 1 would be a toss-up between Christmas and Thanksgiving. ","Christmas"
"315","At the end of the next day, the boys finally realize the true meaning of Christmas and the time loop ends, leading into the day after Christmas ","Christmas"
"316","The bait for carp fishing game is ""cendol"" (""sagu"" flour with food attractant) * In Central Europe there is a strong connection between Christmas and carp fishing ","Christmas"
"317","Stewart: I said Merry Christmas! Don't you know that Christmas is almost here? ","Christmas"
"318","Other traditional foods are eaten at ''F?rste Juledags Frokost'', a Christmas Day luncheon where the household serves all available delicacies in a grand buffet ","Christmas"
"319","Father Christmas is a very kind hearted man. He lands on top of each house all over the world and climbs down the chimney. ","Christmas"
"320","Annually during Christmas time, the latter is decorated in a ""Christmas Wonderland"" theme, and free skating time is offered in exchange for a donation to the food bank ","Christmas"
"321","At each stop it is traditional for families to leave Santa mince pies and alcohol. Will having both of these treats make Santa feel sleeper? ","Christmas"
"322","When my mother and I stayed in America, we were invited by one of my mother's friends to have Christmas with an American family. ","Christmas"
"323","Some parents even take a bite out of the cookie and write a thank-you note from Mr. Claus for the kids to find the next day. ","Christmas"
"324","Santa Claus is an old, fat, jolly man wearing a red coat and trousers with white cuffs and collar, also wears black leather belt and boots. ","Christmas"
"325","Christmas is only as commercial as you make it. You choose what Christmas means to you. ","Christmas"
"326","Early on the night before Christmas (Christmas Eve), children are encouraged to go to bed early if they expect Santa to come. ","Christmas"
"327","But all the children believe it because the tradition of Santa Claus gives children good dreams in their childhood. ","Christmas"
"328","'You expect Christmas presents at Christmas, that's why he referred to Christmas, ' he offered, a little bizarrely. ","Christmas"
"329","Every year at Chinese New Year, people have to do many things. Clean the house, wash clothes, clean the windows. ","clean"
"330","One morning I arrived early at work and went into the bank lobby where the Negro Porter was mopping. ","clean"
"331","There are ten boys in the classroom . Three of them are cleaning the classroom. The rest are. ","clean"
"332","Before moving in to the property the Munro's had to clean the internal spaces of bird droppings before installing their furniture ","clean"
"333","Housekeeping involves cooking, washing dishes and clothes, and sweeping and cleaning. ","clean"
"334","Clean your room! Take a bath! Wash your hand! Why do you think adults care so much about cleanliness? ","clean"
"335","They can clean their rooms, wash dishes, sweep, mop, dust, wash the car ","clean"
"336","You could help do some cleaning at home on Sundays. ","clean"
"337","Focus on cleaning the workshop, corridors, staircases, and other public areas of health, to carry out cleaning work. ","clean"
"338","before work ready to cleaning the bathroom basic cleaning tools and cleaning items, ""was cleaning the sign"" . ","clean"
"339","On arriving at school, the boy began to do cleaning. ","clean"
"340","Now let's divide the work; Group one and Group Two are to sweep the floor with ours to clean the windows and doors. ","clean"
"341","Many students are doing the cleaning. Some are sweeping the floor and others are cleaning the windows. ","clean"
"342","First of all, I put the dishcloth bubble in the water out and began to twist dry brush table, chair and desk, brush after. ","clean"
"343","To demonstrate how difficult it was to clean the mirrors, she asked the custodian to clean one of the mirrors. ","clean"
"344","All the students are doing some cleaning. Some are sweeping the floor, others are cleaning the windows. ","clean"
"345","Smith: We're doing some heavy house-cleaning at home tomorrow, and my wife needs me to help with the attic and the garage. ","clean"
"346","I can do a lot kinds of housework such as sweeping the floor , cleaning tables and windows and so on. ","clean"
"347","Several chores, such as mopping the kitchen, vacuuming the living room, and helping prepare meals, are rotated among the boys ","clean"
"348","They can perform simple tasks like polishing the floor and wiping the windows ","clean"
"349","For example, cleaning time, he cleaned the blackboard, will help you to clean the corridor. ","clean"
"350","The children are cleaning the classroom . Some are sweeping the floor , others are cleaning the window . ","clean"
"351","I wipe glass and the elder sister wipe table clean, the mother washes a quilt, and father drags along ground. ","clean"
"352","A skillful janitor can clean windows perfectly with just a bucket of hot soapy water and a squeegee. ","clean"
"353","Sweeping, mopping the floor, cleaning the table, wash, one thing will not fal ","clean"
"354","they were hard at it with brooms and mops ","clean"
"355","By Wednesday this week, those things were still on my list: dust, sweep, mop, vacuum, and clean the bathrooms. ","clean"
"356","A car wash CCTV camera recorded him cleaning the car for more than two hours ","clean"
"357","But the fact that the Anglo-Australian miner is weighing a bid at all suggests it has emerged from its post-Alcan funk. ","company"
"358","The company's founder had even sold Path?'s name and ""rooster"" trademark to other companies in return for a mere 2 percent of revenues generated by them ","company"
"359","Alico will give it a presence in 64 countries, up from 17 now, taking its non-American revenue from 15% of the total to 40%. ","company"
"360","Since the company was originally formed by the merger of four companies, so each ring is a symbol of the company. ","company"
"361","The action is often aided by the investment banks which are in charge of the merged departments. ","company"
"362","Has your name ever been changed, or have you purchased or merged with any other practice or business? ","company"
"363","Several small businesses consolidated to fomp3 a large powerful company ","company"
"364","'The last three years activism really worked here, ' Icahn said. 'If it hadn't been separated I don't think you could have done this deal. ' ","company"
"365","Oracle took ownership of Java when it bought Sun Microsystems in 2010 and it has been battling with Google in the courts ever since. ","company"
"366","The firm's recent acquisition of Medstory, a vertical-search engine focusing on health care, has given it a boost in this area. ","company"
"367","Yahoo liked it so much that it bought the company and used the technology as the basis for its new mail service. ","company"
"368","The Rootes Group had taken on the name Chrysler UK after its takeover by the American car giant Chrysler, which had also taken over French carmaker Simca ","company"
"369","Another of our holdings has snapped up a small competitor that went bust this year. ","company"
"370","For its part, BHP Billiton sees Potash Corp as one of the few takeover targets that would make a difference to its long-term growth. ","company"
"371","It negotiated a strategic takeover by Packard, a smaller but less financially troubled car manufacturer ","company"
"372","After Oracle's acquisition of PeopleSoft in 2005, Mahbod became the Vice President of Organizational Development at Chiron Corporation ","company"
"373","the business maintained operations until 1945, when it was bought out by scrace's brewery in southampton and stopped production ","company"
"374","No one is saying it is easy: finding and executing the right corporate purchases is an art, and requires lots of luck. ","company"
"375","Warren Buffett has blasted the controversial takeover of Cadbury by Kraft, and revealed that he would block the deal if he could. ","company"
"376","Through a series of small acquisitions since that year, the company has steadily become a force to be reckoned with. ","company"
"377","Murchison itself tried to forge a merger with Midwest at time of the Sinosteel bid ","company"
"378","The meeting ended on a sour note with several people walking out. ","conference"
"379","An international Conference on White Slave Traffic was held in 1921, attended by the 34 countries that ratified the 1901 and 1904 conventions ","conference"
"380","The result of this meeting was that some departments provided some solutions for the crisis. ","conference"
"381","The duo has shared their experiences at the American String Teachers Association conventions, the International Festival of Women Composers, and other important meetings ","conference"
"382","The Audit Committee convenes meetings at least twice a year ","conference"
"383","But he felt it was more realistic to say that they were going to undertake a round of consultations between the two sessions. ","conference"
"384","Pachauri said although negotiations had not moved far and many leaders are playing down expectations, he has not given up on an agreement. ","conference"
"385","Hamas did not allow Fatah delegates from Gaza to attend the congress, although they were able to vote by telephone. ","conference"
"386","It's easy to have terrific meeting diminished in some way by an oversight on a small logistical detail. ","conference"
"387","The atmosphere in the meeting was getting more and more tense. ","conference"
"388","Feelings ran high, and Smyth called a noon meeting on 16 June outside the Liverpool Exchange ","conference"
"389","The partnership then evolved to become the River Crane Management Forum (RCMF), which had its first meeting the next June ","conference"
"390","This would end on the date that Congress adjourns its annual session, generally no later than noon on January 3 ","conference"
"391","Cock Lorel is credited with having held a meeting with the leader of the Egyptians, Giles Hather, at their base at The Devils Arse Apeak in Derbyshire ","conference"
"392","Notable delegates included:  The Constitutional Convention met at midday on Wednesday, May 4, 1853, at the State House in Boston ","conference"
"393","In 2011, on the occasion of the 500th anniversary of Martin Luther's journey to Rome, the German Historical Institute in Rome organized a conference ","conference"
"394","In 1976, the Association for the Study of Afro-American Life and History met in Chicago and held a session on ''The Slave Community'' ","conference"
"395","The IMF estimates that COVID has cost nearly 14 trillion dollars ","COVID-19"
"396","President Donald Trump has ordered meat processing plants ravaged by COVID 19 to reopen ","COVID-19"
"397","Without the mask, there's COVID for you, COVID for me,  ","COVID-19"
"398","Passengers found not to have COVID-19 symptoms were transferred to ''Rotterdam'' to reduce the spread of infection during ''Zaandam''s return journey to Fort Lauderdale, Florida ","COVID-19"
"399","March 25 ? A 17-year-old boy in Lancaster, California died of COVID-19 after being denied health care because he did not have health insurance ","COVID-19"
"400","Isolation and Identification of a Novel Coronavirus from Patients with SARS ","COVID-19"
"401","On May 6th, 2021,Governor Tim Walz announced that COVID-19 restrictions would end on May 28th of 2021, and the mask mandate would be lifted July 1st of 2021 ","COVID-19"
"402","covid-19 is also considered to affect low-income immigrants, who may have higher risk of exposure, misinformation, and be hesitant to access care ","COVID-19"
"403","Due to COVID-19 pandemic, the awards night, which was slated on July 5 and to be hosted by Boy Abunda, was cancelled ","COVID-19"
"404","During the COVID-19 pandemic, Cramer introduced legislation to ban vaccine and mask mandates ","COVID-19"
"405","Due to COVID-19 pandemic in India, the Roadies Journey was paused and everyone were sent home ","COVID-19"
"406","COVID pandemic shut down our industry in 2020 ","COVID-19"
"407","New South Wales Premier Gladys Berejiklian confirmed that a seven-year-old boy had tested positive for COVID-19, and the school was closed ","COVID-19"
"408","Properly fitted, masks like these can provide better protection from the particles that carry COVID ","COVID-19"
"409","Four passengers and crew died of COVID-19 during or after that voyage ","COVID-19"
"410","Of course, concerns and restrictions related to COVID have put a damper on that ","COVID-19"
"411","But with threats of new COVID variants nothing could be less certain. ","COVID-19"
"412","Like other New York City nightlife venues, The Cock shut down temporarily during the COVID-19 pandemic ","COVID-19"
"413","Identification and molecular cloning and sequence analysis of a novel coronavirus from patients with SARS by RT-PCR ","COVID-19"
"414","A recent international increase in COVID cases has only made things more complicated ","COVID-19"
"415","Lad died on 30 April 2021 due to the COVID-19 at the age of 34 ","COVID-19"
"416","The great journey then need to be stop as the league was being cancelled due to pandemic COVID-19 ","COVID-19"
"417","The boy tested negative for COVID-19 but several suspected cases were already reported in various parts of the country ","COVID-19"
"418","America cancelled a string of shows in March 2020 due to the COVID-19 pandemic ","COVID-19"
"419","They then attached the car to a crane with duct tape ","crane"
"420","The tall, wide construction of the building, containing an open space lacking support columns, reflects the desire to implement the crane into the company's manufacturing process ","crane"
"421","Thrust collars can be used on rolling mills, which makes changing the rolls much easier than other methods, and frees up crane time because only hand tools are required ","crane"
"422","The electricity was used to drive individual machine tools in the workshops and even provided power for the overhead travelling cranes which could lift up to 27 tonnes ","crane"
"423","A giant barge crane, the ''Left Coast Lifter'', was used to place the 28 main deck box structures ","crane"
"424","As noon on 29 October approached, the crane was ready for another lift, this time with buoyancy being added by blowing water out of the flooded Engine Room ","crane"
"425","One of the retreating jobs was to dismantle the lattice jib of a crawler mounted mobile crane. ","crane"
"426","There was a heavy wind gust at the time, and construction workers were securing the crane when it veered into a 12th-story glass panel, cracking it ","crane"
"427","The wrecking crane and tool car are listed in the '''National Register of Historic Places ","crane"
"428","As night falls, a crane hoists a black car out of the lake ","crane"
"429","Moore Equipment Company's main work before the war was on tractors, cranes, trucks, bulldozers, power winches, road scrapers and tools ","crane"
"430","The absolute maximum-moment of a crane girder is usually calculated with expressions provided by handbook. ","crane"
"431","Nine shore and yard cranes (3 to 35 tons), 6 mobile cranes (5 to 25 tons), 8 standard and 30 small-masted forklifts are also available ","crane"
"432","Construction equipment includes cranes, concrete mixers, concrete pumps, cherry pickers and an assortment of power tools ","crane"
"433","It remained here for almost a century where its employees worked alongside a 10-ton traveling crane and power tools for cutting and punching to operate the steelwork and blacksmith facilities ","crane"
"434","The crane lifted the car up in the air with him still inside, waving his arms around for the marshalls to put him back down ","crane"
"435","All cranes will be equipped with a functional weight indicator on the main hoist and a boom angle indicator, both visible by the operator. ","crane"
"436","'''''Elvis''''' is the nickname of Erickson S-64 Air-Crane, tail number ''OB-2081-P (N179AC)'', which has gained fame in Australia as a highly visible and valuable tool in bushfire suppression ","crane"
"437","'''Reach For The Sky''' Stretch,a mobile crane, is going to replace an ac on the top of a tall building, with a little help from another crane, Little Brother ","crane"
"438","its showed people using cranes, mechanical hoists and their hands to remove slabs of concrete and steel. ","crane"
"439","Before bringing the crane to the location, screw jacks were used to shore up the underground garage roof to hold the crane's weight ","crane"
"440","an overhead traveling crane allowed 16 railroad cars to be unloaded and loaded simultaneously ","crane"
"441","During construction, a vibrating tool suspended from a crane penetrates to the design depth by means of its own weight and vibrations ","crane"
"442","The winch spun quickly, and the crane raised its arm into the sky; nobody had believed that a crane with such a long arm could be built. ","crane"
"443","''Cherry picker''' may also refer to: * An  crane, a cantilevered tool for installing or removing the engine block from a vehicle * Glenbuck Cherrypickers F ","crane"
"444","It also makes a handy hook for cranes for removing stopped cars from dangerous positions on the circuit ","crane"
"445","the system consists of two overhead bridge cranes, which support two 50-ton trolley hoists, and a Mobile Tool Platform (MTP) ","crane"
"446","Becoming TTC C-1, the crane car is today at the Halton County Radial Railway museum ","crane"
"447","But each morning the little rooster began to crow very early. ","crow"
"448","Steady the smoke of the half-deserted village, A dog barks somewhere in the deep lanes, A cock crows at the top of the mulberry tree ","crow"
"449","The crow of Ayam Ketawa cocks has an unusual similarity to a human laugh ","crow"
"450","The flock, which had been abandoned by their former owner, prowled the streets in a pack and would begin crowing at 0400 BST each morning. ","crow"
"451","When the cock crowed in the morning, it attracted a fox that made friendly overtures and tried to lure the bird down ","crow"
"452","And because their internal clocks are sometimes set a bit early, some roosters begin crowing well before sunrise. ","crow"
"453","Discovery Channel covered the video explaining how roosters crow for such a long duration ","crow"
"454","the cock is the bird whose crow causes the world to arise, while the trumpet sounds ""Reveille"" ","crow"
"455","The tenants were then obliged to wait there until a cock crowed three times, at which point they were dismissed ","crow"
"456","A rooster's crowing is a loud and sometimes shrill call and sends a territorial signal to other roosters ","crow"
"457","It is pretty sleepy, but it does not stop even if the cock crows ","crow"
"458","The cock starts to crow when six to seven months old ","crow"
"459","Maurice the rooster crows at dawn ","crow"
"460","A cock began to crow, and it was strange to hear it in a crowded town ","crow"
"461","The rooster woke the others up early every morning with his loud crowing ","crow"
"462","The bird thus faces the direction of the sunrise, like the rooster crowing at the break of dawn ","crow"
"463","At that time, cocks always cry at noontime and midnight. ","crow"
"464","Like all birds, roosters call in a daily cycle determined by circadian rhythms ","crow"
"465","When they were sleeping in the same bed one night, they heard a rooster's crow at midnight ","crow"
"466","A rooster that flaunts the most basic rules of neighborhood etiquette by crowing every morning before sunrise ","crow"
"467","The servants of the inner and outer quarters and the concubines all rise at the first crow of the cock ","crow"
"468","From now on, you will only crow at dawn, not all day and night ","crow"
"469","With bags held high or balanced on bamboo poles, they choked the entrances to the cars, jostling for a prime spot on board. ","crowd"
"470","At the peak of the crisis, the Mercier Bridge and routes 132, 138 and 207 were all blocked, creating substantial disruption to traffic ","crowd"
"471","Motor cars are increasing in number, to the extent of causing occasional traffic jams known locally as ""the rush minute"" ","crowd"
"472","Roads were blocked by toppled trees and overturned cars ","crowd"
"473","After heavy rain in January 2013 the flooded river partially washed away the single-lane road bridge that carries , closing the only through road on the West Coast ","crowd"
"474","One day, when you get on a bus but there are many people crowded, what should you do? ","crowd"
"475","A heavy reliance on automobiles increases traffic throughout the city as well as automobile crashes, pedestrian injuries, and air pollution ","crowd"
"476","the growing number of personal automobile also means traffic jams are a common urban issue ","crowd"
"477","This hall of 600 square meters, the sea of people, squeezing the number of people do not know. ","crowd"
"478","The police of Andhra Pradesh were confronted with massive traffic jams when they tried to implement relief and rescue operations ","crowd"
"479","The presence of motorbikes, trucks, and cars created major traffic jams and disruption in the Wellington Central Business District ","crowd"
"480","It is open to automobile traffic despite its heavy pedestrian traffic ","crowd"
"481","The Road which runs through Nedumangadu is also used by some commuters due to heavy traffic congestion in the 2 main roads particularly during peak hours ","crowd"
"482","As his car entered the outlying streets of Tel Aviv, it slowed down on account of heavy traffic ","crowd"
"483","Roads were clogged as people flocked to the coast and to holiday resorts throughout the country ","crowd"
"484","The traffic jam in this narrow road is usually during the peak hours, and sometimes has to wait for a long time before able to get out. ","crowd"
"485","That's true. You may find crowds of people on the train , at the shopping mall, or even in the street, almost everywhere. ","crowd"
"486","The result is what many consider to have been the worst traffic jam to ever have occurred in Sussex County ","crowd"
"487","Driving during the midday is usually slow and demanding due to dense traffic, frequent traffic jams, and street renovation programs ","crowd"
"488","I cannot beat the crowds at the shopping mall on a Saturday. ","crowd"
"489","He became caught in a three-hour traffic jam because Highway Bridge (on which he traveled) could not handle the traffic ","crowd"
"490","The cars move through the traffic jam: the density of cars increases in the middle of it ","crowd"
"491","In rush-hour, cars were lined up bumper to bumper on every road. Everyone is afraid of being late for work. ","crowd"
"492","Jakarta also has one of the worst traffic jams in the world ","crowd"
"493","NORTHUMBERLAND STREET, adjacent to the Eldon Square shopping centre, is awash with people. ","crowd"
"494","Summer dachas are being converted into year-round residences, and with the proliferation of automobiles there is heavy traffic congestion ","crowd"
"495","Frustration over traffic congestion and diversion due to the bridge and road blocks were occasionally expressed publicly ","crowd"
"496","Bicycle traffic is heavy usually around morning and noon times around DeAnza College ","crowd"
"497","Imagine that a car has broken down in the vicinity of the roundabout, and is disrupting the traffic flow, causing cars to take different routes or creating a traffic jam ","crowd"
"498","At this time when the rush hour, many pedestrians and vehicles to be ""sticky"" on the road. ","crowd"
"499","We were packed like sardines in a train that became struck in a tunnel for nearly half an hour. ","crowd"
"500","The couples danced one unlearned dance and a team dance to songs from some of the most popular lad bands and girl groups throughout history ","dance"
"501","a form of dancing in which dancers slam into one another; normally performed to punk rock. ","dance"
"502","The modern Yavapai take part in several dances and singing, such as the Apache Sunrise Dance and the Bird Singing and Dancing of the Mojave people ","dance"
"503","This was a dance where the participants would quite literally just strut around like a turkey, in circles around one another. ","dance"
"504","Many boys and girls in countries where belly dancing is popular will learn how to do it when they are young ","dance"
"505","The music video shows the boys spending a day having fun as the name of the suggests ""Ko Ko Bop"" meaning fun dancing ","dance"
"506","Propp, for instance, described her dance at the court as some sort of ""ritual dance"": she waves her arms and forests and lakes appear, and flocks of birds fly about ","dance"
"507","An accomplished ballet dancer, she did not miss a single beat. ","dance"
"508","dancers of ethnic dance are dressed up in bright dancing costumes, each a gauze fan in hand. ","dance"
"509","They go into a dance with each other, that gets some other types of bird involved into dancing too ","dance"
"510","The Latin dance is an artistic with very strong skill , displays the difficult type movement project, has high artistic ornamental. ","dance"
"511","Latin dancing can be a great way to improve your Spanish and learn more about Latin culture through music and dance. ","dance"
"512","She performs a sensual dance which brings a smile to all the housemates ","dance"
"513","At the Denishawn Dance School, Graham worked very hard to improve her ability to dance ","dance"
"514","This wouldn't be the best time for her to start her dancing career. ","dance"
"515","He seemed to be doing some strange sort of dance, because he kept thrashing the air around his head with his arms. ","dance"
"516","Sohrab is being kept at Assef's house as a dancing lad ","dance"
"517","This dance is always performed to make amusement by village lads in procession at festivals ","dance"
"518","Different types of dance for you: Chinese Dance, Belly Dance, Latin, Indian Dance, Hot Dance, try one of your favourites. ","dance"
"519","Dance: There are many styles to choose from, everything from smooth country line dancing to hot Latin dancing. ","dance"
"520","The choreography mixes swing dancing and acrobatics with the ballet influence ","dance"
"521","His younger brother Gus (Dick) was a ballet dancer and choreographer ","dance"
"522","The dance describe ''Klono Sewandono'' the king of Ponorogo on his journey to Kediri to seek the hands of Princess Songgo Langit ","dance"
"523","The dance performance done by a single boy is known as Gotipua dance ","dance"
"524","The dance circle was awhirl with color as each dancer spun and jumped to show off his athletic skills. ","dance"
"525","It was at this school though that she learnt a great deal from classes in tap, jazz dancing and Gymnastics. ","dance"
"526","Latin dance five dance has each style, graceful, exactly the rumba the lively, samba passion, cowboy's funny and bullfighting strong . ","dance"
"527","The ease and pace of his turns him in the line of great Russian dancers ","dance"
"528","The next dance comes and you find yourself dancing with each guest until you have completely circulated through all of your invited guests. ","dance"
"529","There I trained in tap, jazz, ballet, modern and street dance ","dance"
"530","Both a lively here tap, and a dignified luxuriant ballet, and dynamic jazz dance and modern dance. ","dance"
"531","This dance spreads to today from then on. Due to the total exposed belly while dancing, It is called "" belly dance . "" as well. ","dance"
"532","There's ballroom dancing, disco, tap , jazz. . . and tango. Tango sounds interesting, isn't it from Argentina? ","dance"
"533","The 9-dance division consists of American-style smooth waltz, tango, foxtrot, Viennese waltz and rhythm cha cha, rumba, East Coast swing, bolero, and mambo ","dance"
"534","It also serves as a preliminary warm up dance, without melody, to enable the dancer to loosen their body, journey away from distractions and towards single-minded focus ","dance"
"535","Today, choreography is an essential component of many performing arts ","dance"
"536","''The Wild Boy Dance Contest'' is one of the many dance competitions created by ''Eat Bulaga ","dance"
"537","In the United States the most popular form of folk dancing since the earliest days has been square-dancing. ","dance"
"538","Entity Data Model Wizard in Visual Studio initially generates a one-to-one (1:1) mapping between the database schema and the conceptual schema in most of the cases ","databsse"
"539","The users of database search are typically developers or database administrators ","databsse"
"540","The changes made to the database are reflected in the Oracle Coherence cache ","databsse"
"541","To implement locking, SQL Server contains the ''Lock Manager'' ","databsse"
"542","The results are available online via the WIZARD database ","databsse"
"543","Throwing hardware at a problem is often the first thought, especially because databases are resource hogs. ","databsse"
"544","Used to define a new mining model (including training) or to drop an existing mining model from a database. ","databsse"
"545","Microsoft Access, the company's most popular database tool at the time, was expanded for its Office 2000 release to incorporate using Microsoft Desktop Engine as its back-end data store ","databsse"
"546","This information is made available through an online database containing the latest fuel consumption and emissions data for new cars ","databsse"
"547","Currently, BIND includes a data specification, a database and associated data mining and visualization tools ","databsse"
"548","Microsoft SQL Server (version 2016) implements temporal tables with ","databsse"
"549","'''LibreOffice Base''' is a free and open-source database development and administration tool for relational database management systems that is part of the LibreOffice office suite ","databsse"
"550","The directorate is in charge of the National Databases Register, an organized tool that is used in order to understand and control the data bases that circulate throughout the country ","databsse"
"551","Relational databases have often replaced legacy hierarchical databases and network databases, because RDBMS were easier to implement and administer ","databsse"
"552","It returns a string with backslashes before characters that need to be escaped in database queries, etc ","databsse"
"553","These were held in thousands of columns within hundreds of separate tables, within an Oracle database ","databsse"
"554","Besides, database search is not designed for relevance ranking, fuzzy search or multiple keywords ","databsse"
"555","The databases currently contain about 55 GB of data and there are three specialised spatial analysis tools currently available ","databsse"
"556","Relational databases like Oracle and MySQL have mechanisms that can be used to keep the availability (of the database) very high ","databsse"
"557","The company maintains a database to match up prospective sellers and buyers of the cars ","databsse"
"558","It is possible to interact with the database using the same tools used to interact with traditional MySQL database setups. ","databsse"
"559","The most common reasons cited for choosing MySQL as a database server include ""it's easy to use"" and ""it's free. "" ","databsse"
"560","DBD implementations exist for proprietary products such as IBM DB2, Microsoft SQL Server, Oracle and for free-software databases such as SQLite, PostgreSQL, Firebird and MySQL ","databsse"
"561","Hammond is the founder and owner of the first privately owned automobile website Carlist is the longest running used car database, since 1986, even prior to the internet ","databsse"
"562","Objectivity/DB, for instance, implements named one-to-one, one-to-many, many-to-one, and many-to-many named relationships that can cross databases ","databsse"
"563","The same idea holds in a relational database, and the column used to make the link is referred to as a key column. ","databsse"
"564","In an Oracle Database system, the term ""schema"" has a slightly different connotation ","databsse"
"565","The database linked the car plate to the home address of the driver ","databsse"
"566","Manuel says that the plant is polluting the environment, and its environment protections have been used since the 1950s ","ecological"
"567","Industrial pollution reduced the fish stock, but it has been recovering in the 21st century, aided by work from the Environment Agency ","ecological"
"568","More people have put increased strain on the islands' water supply, sewerage and waste disposal, not to mention its fragile wildlife. ","ecological"
"569","The Ministry also works to limit and reduce the negative effects of plastic bags on the environment in Jordan and preserve forest and reserves ","ecological"
"570","The golden-rumped elephant shrew is classified as endangered largely due to a fragmented forest environment and anthropogenic factors ","ecological"
"571","This policy serves to regulate pollution while accounting for unmeasured costs placed by automobiles on the environment ","ecological"
"572","It is the sweeping generalization that the use of recyclables does not cause pollution. ","ecological"
"573","The deposits preserve a transitional river or stream environments near the coast and preserves fossils of a mangrove forest ecosystem ","ecological"
"574","Hence, the issue of waste pollution needs to be addressed as one of the priorities that demand social efforts. ","ecological"
"575","The open-hearth furnaces of the steel mill created large amounts of dust and other pollution ","ecological"
"576","The Vikos?Ao?s National Park preserves one of the richest mountain and forest ecosystems in terms of wildlife diversity in Greece ","ecological"
"577","The cobalt would have maximized the environmental damage from radioactive fallout ","ecological"
"578","Active mobility reduces air and noise pollution by substituting for cars that produce greenhouse gases and noise, benefiting the environment and urban ecosystems ","ecological"
"579","Natural grassland is rationally utilized and the active grassland ecological protection is effective. ","ecological"
"580","environmental pollution is increasing drastically due to large-scale deforestation and increase in automobile use ","ecological"
"581","of combustion coal had seriously polluted atmospheric environment on winter, and offered evidence for atmospheric pollution treatment. ","ecological"
"582","Prolonged oil production has resulted in significant oil pollution along the Caribbean coast ","ecological"
"583","In particular, it can be used to understand the fate of environmental pollutants and how particular ecosystems respond to climate change ","ecological"
"584","He explains that humans have caused harm to the environment with their excessive consumption through activity such as deforestation, endangerment of species and pollution ","ecological"
"585","Gold and tin mining upriver are affecting the ecology of the region by destroying fish and bird habitat ","ecological"
"586","An air pollutant is a substance in the air that can have adverse effects on humans and the ecosystem   ","ecological"
"587","The principal ecosystems consist of varied vegetation, from lowland jungle, temperate forest and agricultural land, although many forests here have suffered damage ","ecological"
"588","If you over-log an area, there are no roots left to hold the soil together, which leads to erosion. ","ecological"
"589","The wetland reserve is run by the Royal Forest and Bird Society with ongoing efforts to reduce human impact on the environment and to restore damaged areas ","ecological"
"590","the IPCC argues that the traditional use of wood in cook stoves and open fires produces pollutants, which can lead to severe health and environmental consequences ","ecological"
"591","According to the German environment agency, diesel cars have a 39% share in German urban nitrogen dioxide pollution levels ","ecological"
"592","'''Forest City''' is a project initiated in China to fight environmental pollution ","ecological"
"593","Every tourist destination around Thailand started manifesting environmental degradation, which includes the production of wastewater, solid waste, and other pollutants ","ecological"
"594","Inorganic contaminants like heavy metals (toxic metals including mercury, cadmium, and lead) are released into the environment via industrial leaks and automobile waste ","ecological"
"595","Air pollution has been a primary environmental problem in city. The monitoring of air pollution also presses for resolving. ","ecological"
"596","Lead smelters with little pollution controls contribute to several environmental problems, especially raised blood lead levels in the surrounding population ","ecological"
"597","Environmental issues include sewage pollution into Valencia Lake, oil and urban pollution of Maracaibo Lake, deforestation, soil degradation, and urban and industrial pollution, especially along the Caribbean shore ","ecological"
"598","The causes of these environmental issues are toxic contamination, eutrophication (low oxygen due to excess nutrients), and near shore habitat changes ","ecological"
"599","Forest conservation involves the upkeep of the natural resources within a forest that are beneficial for both humans and the ecosystem ","ecological"
"600","They are also seen as environmental bellwethers, with declines in frog populations often viewed as early warning signs of environmental damage ","ecological"
"601","Environmental Protection Agency estimates of average passenger car emissions in the United States for April 2000 Component Emission Rate Annual pollution emitted Hydrocarbons 2 ","ecological"
"602","Conservation protection and scientific studies of the ecology of Vietnam, particularly in the protected forest areas, have been given priority attention by the Government of Vietnam ","ecological"
"603","the initial Aesopic fable of the Cock and the Horses is expanded upon in a way that parallels the use of a biblical quotation to initiate a sermon ","fable"
"604","Pelagia, who was well known for telling great fairy tales, sat by the stove and began to tell him the story of ''Scarlet Flower'' ","fable"
"605","The mountain is referred to as Slieve-na-Mon in a fairy tale called ""The Giant and the Birds"" from ""The Boy Who Knew What The Birds Said"" by Padraic Colum (1918) ","fable"
"606","A fourth myth portrays the Suwa deity appointing an eight-year-old boy to become his priest and physical 'body' ","fable"
"607","Abraxas seen with a chicken's head The mythological basilisk or cockatrice is depicted as a reptile-like creature with the upper body of a rooster ","fable"
"608","the content may be the fable story , may be the fairy talestory , may be the idiom story. ","fable"
"609","This boy was called Fionn Mac Cumhail (Fin McCool) and went on to become one of the most heroic leaders in Gaelic mythology ","fable"
"610","In Norse mythology, the rooster represented salvation from the powers of darkness when it announced dawn and sunrise ","fable"
"611","As a boy Alexander ""loved all the world's mythologies"" ","fable"
"612","It was prettily devised of Aesop: the fly sat upon the axle-tree of the chariot wheel and said: ""What a dust do I raise? "" ","fable"
"613","'''The Fair Fiorita''' is an Italian fairy tale collected by Thomas Frederick Crane in ''Italian Popular Tales'' ","fable"
"614","In the ancient Aesop's Fable, for example, a fox keeps leaping for the grapes up in the vines and can't reach them. ","fable"
"615","In the original fable, the wolf simply decides that letting the crane live is reward enough, and the crane goes without payment ","fable"
"616","Like Aesop's fables, and of course not. though the fox in the story. ","fable"
"617","In another myth, the god is said to have chosen an eight-year-old boy to become his priest (?, ''h?ri'' ","fable"
"618","Joseph Jacobs published the tale as ''The Lad with the Goat-Skin'' in his ''Celtic Fairy Tales'' ","fable"
"619","(which means little lad of Heaven) in Japanese mythology is the third son of Amaterasu ","fable"
"620","Among Aesop's Fables are The Wolf and the Crane and The Fox and the Stork ","fable"
"621","To '''cry wolf''' means to raise a false alarm, derived from the fable ''The Boy Who Cried Wolf'' ","fable"
"622","Keeping with this genre, Levine also wrote a picture book, ''Betsy Who Cried Wolf'', adapted from Aesop's fable of ''The Boy Who Cried Wolf'' ","fable"
"623","In another version of the myth, Orpheus travels to Aornum in Thesprotia, Epirus to an old oracle for the dead ","fable"
"624","The fable of the fox deciding that the grapes he couldn't reach were sour is an example. ","fable"
"625","Likewise, where the attempt to avoid an oracle is the very thing that enables it to happen is common to many Greek myths ","fable"
"626","The story of the Kitchen God is a household Chinese fable. ","fable"
"627","The first story was Aesop's fable The Tortoise and the Hare ","fable"
"628","Crane mythology is widely spread and can be found in areas such as India, the Aegean, South Arabia, China, Korea, Japan, and North America ","fable"
"629","Pieces were often decorated with jewels, usually imitations in enamel or glass in surviving pieces, and the multicoloured roundels in many of the backgrounds can be understood as imitation gems ","fake"
"630","Don't buy the pirated books. There are many mistakes in spelling. What's more, it's just against law to buy them. ","fake"
"631","Five hundred works were seized, including copies of paintings by Matisse, Magritte and Fontana. ","fake"
"632","His trade prior to the military was selling imitation jewelry ","fake"
"633","The tourists were shanghaied into buying expensive fakes ","fake"
"634","After they have identified what they are after, the corresponding fake is produced. ","fake"
"635","He fobbed this painting off on me as a genuine Van Gogh, but I later found out that it was a fake. ","fake"
"636","With the market below the line , the phenomenon that sells fake exists all the time on the net, and the amount is not little still. ","fake"
"637","The man reportedly went into a jewelry store and tried to swap out the gem for a fake one. ","fake"
"638","Pirated digital copies of movies and music show up in the most remote parts of the world. ","fake"
"639","The illicit copy cost about five pence - less even than my miserly royalty ","fake"
"640","The swindler did a snow job on the experienceless shop assistant and sold all his fakes to her. ","fake"
"641","Beware of reproductions, replicas and counterfeits when shopping for collectibles, jewelry, sunglasses, fragrances and handbags. ","fake"
"642","guessed that the bag on the right is the real Louis Vuitton, good for you. But it's easy to be fooled by a fake, like the one on the left. ","fake"
"643","AT first he believed the painting was an original by Harris, but by careful observATion he found out thAT it was a forgery. ","fake"
"644","The picture, for which he paid an enormous amount of money, was a forgery ","fake"
"645","These paintings have been proved to be fakes; basically they are worth nothing ","fake"
"646","Oakins with a lookalike and replacing the real gem with a fake ","fake"
"647","Counterfeit goods are also readily available, even though Taobao claims to have removed two million ""fake branded goods"" from the site. ","fake"
"648","He progressed from making rubies to manufacturing other man-made gems including an imitation diamond ","fake"
"649","The dealer tried to palm the painting off as a genuine Picasso, but I know it was a fake. ","fake"
"650","Pick any product from any well-known brand, and chances are there's a counterfeit version of it out there. ","fake"
"651","Buy a pairs of shoes from exclusive store and another identical counterfeit of it, mix them and wear them on. ","fake"
"652","If the colour strength homogeneous , the most likely products are fake diamonds ","fake"
"653","He wrote ''A Complete Guide to Bird Feeding'' (1975), a book that increased interest in bird feeding ","feeding"
"654","Every morning he carried home a loaf and gave half of it to the hen and cock, the bird, or to some dog or starving cat. ","feeding"
"655","Over 300 head of cattle on the farm provide natural fertilizer for the crops ","feeding"
"656","What do you think of you hear the word ""agriculture"" ? The image of crops growing in field or a barnyard full of animals may come to mind. ","feeding"
"657","Horses are not sensitive taste receptor, therefore, horse gathering a wide range of food, horse is the most easy to raise animals. ","feeding"
"658","At the same culture time, the content of cadmium in cultured shrimp in inorganic cadmium group was more than organic cadmium group. ","feeding"
"659","It came out of a chicken, which is part of a farm, which is part of the biosphere, etc. , etc. ","feeding"
"660","They feed the chops to dogs, but they eat the potherb, which is used to feed chicken by villagers. ","feeding"
"661","Already he had begun to forget them, and Shepperton soon became an extraordinary aviary, filled with birds of every species. ","feeding"
"662","Some care for farm animals like horses and cows. ","feeding"
"663","Also, the carbon footprint of such a large facility may actually be many times smaller than that of the traditional dairy farm. ","feeding"
"664","The old man would go every day to the park to feed bird ","feeding"
"665","The farm breeds a wide range of poultry ","feeding"
"666","The farmer scattered corn for the chickens ","feeding"
"667","He told me that this drought has taught him a hard lesson: it is too difficult to keep animals. ","feeding"
"668","Also husbandry would require more space per hen or a lower number of hens per barn (or even have a cock around to calm down quarrels) ","feeding"
"669","Raising animals makes much money so that the living standard of the farmer can be rising rapidly ","feeding"
"670","He's currently trying to buy a farm so he and his wife can raise alpacas and chickens. ","feeding"
"671","This time, however, his job was to feed the rooster ","feeding"
"672","While he did not keep poultry in his household, chickens and other birds were found in his neighbourhood. ","feeding"
"673","The movie tells a story of a girl who embarks on a liberating journey across the remote expanses of Northeast India, searching for her estranged father ","films"
"674","X is a 1934 American pre-Code crime film starring Robert Montgomery as a jewel thief who gets mixed up in a series of murders in London ","films"
"675","Her favorite film is ''Beautiful Life'' and her favorite food is pasta and chicken ","films"
"676","Three minutes of silence are held on the western side to commemorate those lost and killed, and the film ends with a young boy walking alongside the wall ","films"
"677","No film shows a crab selectively picking coconut fruit, though they might dislodge ripe fruit that otherwise would fall naturally ","films"
"678","Using classic film aesthetics and techniques, the artist creates extreme characters and environments. ","films"
"679","He has also worked with Rooster Teeth to make a novel for their animated series RWBY, which was published on May 19, 201 ","films"
"680","The bird symbolism will shift from prey to predatory throughout the film ","films"
"681","the film depicts bock's work as well as stories of people she meets, both refugees as well as police ","films"
"682","The film analyzes the US asylum application process by following several asylum applicants and asylum officers ","films"
"683","The theme of the film draws on different ideas of food ","films"
"684","The Walking Dead tells the story of the aftermath of a zombie apocalypse. ","films"
"685","The director is the person who gets to yell ""Cut"" when he wants the camera to stop filming during the making of a movie. ","films"
"686","The film deals with the dynamics among a group of new boys in a dormitory in Foot House ","films"
"687","The stunt was part of a campaign in 26 cities worldwide promoting the Halloween premiere of the AMC television series ""The Walking Dead. "" ","films"
"688","The morning and midday shows for ''Krack'' were cancelled, and the film opened with evening shows ","films"
"689","In each film she is shown using a number of weapons, but only a few function as her principal tools of death ","films"
"690","Her second film with Firth was the British thriller film ''Before I Go To Sleep'', portraying a car crash survivor with brain damage ","films"
"691","The film ends with Josh shown to be coaching local lads in football and becoming father to a baby girl ","films"
"692","Once the film was completed, he put the reel into the trunk of his car and drove to Los Angeles seeking post-production services ","films"
"693","In 2015, the film Arbat was banned in Thailand due to its portrayal of Buddhist monks ","films"
"694","Thomas mentions throughout the film that the two chords are key to his memories and all he wants is to hear them one last time ","films"
"695","One is to take an exciting script, hire famous actors, shoot a rollercoaster of a film, distribute it widely and market it deftly. ","films"
"696","The film is a voyage through Italian cinema history, marking influential films for Scorsese and particularly covering the Italian neorealism period ","films"
"697","The film was created by Madhouse and opened at number one in Japan on January 12, 2013 ","films"
"698","The film is about a dog and a man, and their journey ","films"
"699","A major portion of the film happens in the forest and he wanted to capture the sounds of nature in its purest form ","films"
"700","''DNA2'' was adapted into a 12-episode anime television series by Madhouse and Studio Deen, broadcast on Nippon Television from October to December 1994 ","films"
"701","An anime television series adaptation by Madhouse is set to premiere in 2022 ","films"
"702","After the end of the series, it was revealed that the spin-off manga series, ''The Honor Student at Magic High School'' would get an anime television series adaptation in 2021 ","films"
"703","The film begins on 23 August 1992 with the top-secret weather experiment led by Air Force General James Roberts (Martin Sheen) off the coast of Florida ","films"
"704","The movie is the debut directing by Peng Zhang Li, and the story is inspired by his own life as a monk and his new life in a foreign land ","films"
"705","The film deals with a man's tumultuous journey to seek vengeance and the demolition of family bond over a girl ","films"
"706","The station ?features? in the 1973 film ''The Day of the Jackal'', when the Jackal buys a ticket there, then catches the midday train to Paris ","films"
"707","She made her film debut in 1910 at the age of 35 with Kalem Studios in ''A Lad from Old Ireland'' ","films"
"708","The majority of the film was shot in a house overlooking the ocean on the Malibu coast ","films"
"709","The film ''The Day of the Jackal'', when the Jackal buys a ticket there, then catches the midday train to Paris ","films"
"710","The film opened with the lad lamenting the demolition of their favourite pub ","films"
"711","Her appearance in a string of successful films has led her to being called the first ever female Indian film star ","films"
"712","These 52 films take us on an enthralling journey from the Kashmir Valley to Kanyakumari and from Tripura to the coast of Maharashtra ","films"
"713","Madhouse is a 1974 British horror film directed by Jim Clark for Amicus Productions in association with American International Pictures.[1] It stars Vincent Price, Natasha Pyne, Peter Cushing, Robert Quarry ","films"
"714","The film has been shot as an African tale in the forest village of Amanha Lundju ","films"
"715","The entire season was caught on film for the series, Madhouse featured on The History Channel ","films"
"716","In September 1965 he announced he would make a follow up to that film set in the early days of automobile racing ","films"
"717","It is unrelated to the 2005 American film series of the same name by Sony's subsidiary Screen Gems ","films"
"718","The 1960 Universal film ''Chartroose Caboose'' featured a ""bright green"" colored train car ","films"
"719","the wizard Akiro opposite Arnold Schwarzenegger in the two Conan movies ''Conan the Barbarian'' and ''Conan the Destroyer'' ","films"
"720","In 2008, Kim played an elementary school teacher who falls for a Korean-Japanese jewelry designer (Mirai Yamamoto) in the Japanese film ","films"
"721","This episode and Toby's reconstruction appear in the 2006 film ''A Cock and Bull Story ","films"
"722","She made her feature film debut in 1998 in ''3 Ninjas: High Noon at Mega Mountain'' ","films"
"723","But here is a definitive movie that touches a deep emotional chord and will leave a lump in your throat ","films"
"724","In 2021, he made a guest appearance as a Buddhist monk on the comedy film ''Lie Detector' ","films"
"725","The film depicts the son of Satan and an angel as he tries to save his father and prevent ","films"
"726","The unfinished bridge was long held as being used as the site of the car chase scene in the movie ''The Blues Brothers'' ","films"
"727","""Meteor Garden"" , a Taiwanese TV series, is an adaptation of a Japan manga (comic). ","films"
"728","universal studios in universal city , california is already the world ' s largest movie studio lot. ","films"
"729","He became one of America's most well-known black film actors of the 1970s, after starring in a string of critically acclaimed and popular movies, many of them in the genre ","films"
"730","The film depicts Puyi's life from his ascent to the throne as a small boy to his imprisonment and political rehabilitation by the Communist Party of China ","films"
"731","'''''The Blast Furnace''''' is a 1950 North Korean film directed by Min Chongshik ","films"
"732","By chance, see a TV series, the plot to let me have a hit of the heart feeling ","films"
"733","The last scene of the film shows Danila walking out of a snow-covered forest ","films"
"734","The movie ''Yeh Ballet,'' a Netflix original movie released in February 2020, is based on Shah's early life story and the early life of his elder brother Nizamuddin Shah ","films"
"735","The film was premiered at Hidden Gems Film Festival in Canada followed by a number of oth ","films"
"736","Soviet leaders believed that film was an important tool of propagand ","films"
"737","I highly recommend that people get out of debt and stay out of debt, especially as the economy hits difficult times. ","financial"
"738","Like in many countries, the car manufacturing industry has been significantly affected by the global financial crisis ","financial"
"739","The subprime crisis is an example: some people were treated badly in this recent financial crisis. ","financial"
"740","They cited the Fed's decision to implement several rounds of quantitative easing (QE) in response to the financial crisis of 2008, and to maintain near-zero rates through 2016 ","financial"
"741","The current economic crisis that began in 2007, has led the Spanish government to implement various austerity measures which have directly hindered the development of Spanish family policies ","financial"
"742","In response to the financial crisis, Disney and his brother Roy started the company's first public stock offering in 1940, and implemented heavy salary cuts ","financial"
"743","And yet, all this progress is under threat. From economic crisis. Rising joblessness and inequality. Climate change. ","financial"
"744","And it would leave us with considerably reduced room for maneuver if another crisis comes along. ","financial"
"745","Over the past 30 years, he says, 'there has never been a recession where the recovery has been so anemic as this one. ' ","financial"
"746","Given the current financial crisis, triggered by a number of difficulties, leading to employment of university students is difficult. ","financial"
"747","""We must maintain efforts until the moment we finally overcome the crisis, "" he said. ","financial"
"748","Purchasing foreign currency This man is purchasing foreign currencies with a pile of money in his hands. ","financial"
"749","'As the world deals with the global economic crisis, the value of gold as the only true 'hard currency' is coming to the fore, ' he said. ","financial"
"750","The city was also affected by a severe financial crisis and a steady decline in textiles, automobile and steel production ","financial"
"751","Before the Great Depression of the 1930s any downturn in economic activity was referred to as a depression. ","financial"
"752","Since the beginning of the Industrial Revolution, every economic boom has been followed by an economic bust. ","financial"
"753","The president said the economic crisis has forced his administration to make investments that will expand the nation's deficit and debt. ","financial"
"754","After the Asian financial crisis of 1997-1998, most governments adopted floating exchange rate regimes. ","financial"
"755","this is a financial crisis that is global and needs a global response. piecemeal won't work. ","financial"
"756","It's exposing defects in many of our biggest financial institutions and every day we see more news about failures, huge losses, resignations, or firings of top finance people. ","financial"
"757","Most of these central banks' authorities consider that such tool effectively contributed to the resilience of their domestic financial systems in the wake of the late-2000s financial crisis ","financial"
"758","Following the 2008 financial crisis, a Greek government-debt crisis prompted the European Troika to implement austerity policies in the form of three distinct memoranda, despite public protest ","financial"
"759","Is the lingering shadow of the global financial crisis making it harder to accept extravagant indulgences? ","financial"
"760","The financial crisis has made it more acceptable to be between jobs or to leave a bad one ","financial"
"761","But the backlash of the economic crisis of 1929 arrived and manufacturers of luxury cars all over the world suffered from poor sales ","financial"
"762","She made six complete whale hunting voyages in the British Southern Whale Fishery before being lost in 1798 on her seventh voyage ","fishing"
"763","We were swimming in the river, given by the hot summer. We went boating and fishing, carrying home fish and shrimp. ","fishing"
"764","Next she sailed as a general trader, but also made one voyage seal hunting ","fishing"
"765","If you are trying to match a particular bait, the color of your fly should match the color of the bait for the depth you are fishing. ","fishing"
"766","Asked to choose, from all this fleet, the vessel to carry me on a month-long cruise in pursuit of blue whales, I would not have hesitated. ","fishing"
"767","She made four complete whale-hunting voyages but was wrecked in the Coral Sea in April 1820 during her fifth whaling voyage ","fishing"
"768","However pelagic fishing from boats from the Scottish east coast ports normally catch herring and an amount of blue whiting from the northern North Sea ","fishing"
"769","The main reason was that fishermen were still able to exploit their relatively new ability to find and catch their prey. ","fishing"
"770","During the voyage he witnessed the hunt and killing of three whales ","fishing"
"771","Most of the time, she can be found lobstering with her dad working in the stern. Each season has its own story to tell. ","fishing"
"772","They serve the fisherman on fishing near the shore and for fishing away from the shore they use another type of boat ","fishing"
"773","Commercial fishermen that typically have rights to fish in specific areas will be ill equipped for the massive migration of their prey. ","fishing"
"774","It's not just a matter of taking bluefin tuna and other valuable species out of the oceans through industrial fishing. ","fishing"
"775","In 1821 she sailed on a seal and whale hunting voyage to the South Shetland Islands and the coast of Chile ","fishing"
"776","Adjacent Crane Lake is known for walleye and small mouth bass fishing ","fishing"
"777","The people lived on fishing and the hunting of seals and sea birds ","fishing"
"778","This settles the boat's share of the total allowable catch of that fish for the entire country. ","fishing"
"779","They fished all day in fishing season and saw flying fish ","fishing"
"780","These conditions make it suitable for shore fishing and rock fishing ","fishing"
"781","because fishes for excessively, the sea fishery resources are reducing by the fearful speed. ","fishing"
"782","The lake is stocked with rainbow trout throughout the winter season, and fishing is open all year from shore or boat ","fishing"
"783","Fishery: Caught in coastal estuaries along northern Australian coastline. Very popular angling species. ","fishing"
"784","European Union quotas mean fishermen are only allowed to land a certain amount of each species. ","fishing"
"785","Locals fish for dorado, tuna, sierra, mahi mahi, wahoo, marlin, guachinango (snapper), juriel, sierra fish, grouper or cherna, shrimp, lobster and oyster, sailfish, and fish rooster ","fishing"
"786","This summer first Iceland and then the Faroe Islands unilaterally jacked up the amount of the fish they intend to let their fishermen catch. ","fishing"
"787","senescent fishery A fishery showing significant declines for a number of years, usually through overfishing . ","fishing"
"788","Fishing is possible both from boats and from the shore ","fishing"
"789","The fishermen splash their paddles to tell the dolphins they'd like to fish together ","fishing"
"790","In numerous areas off the California coast, the plan for sanctuaries will either limit the take, or make fishing completely off-limits. ","fishing"
"791","Scientists estimate that if fishing continues at current levels, stocks are bound to collapse. ","fishing"
"792","The fisherman msde a large number of fish with the larger fishnet in a day . He went home singing on the way and was very happy. ","fishing"
"793","Conservation groups and shark-fin opponents blame the dish for overfishing, which has depleted shark populations. ","fishing"
"794","While at the Wizards, he was included in the Danish squad for the 2000 European Championship in June 2000 ","football"
"795","The Bayridge senior boys soccer team was undefeated in 2006 and was the Senior Boys Eastern Ontario Champions ","football"
"796","""How much Arsenal are loved here in Asia and how much the Premier League has penetrated Asia [has been positive], "" he said. ","football"
"797","following this game, the san diego nomads played the fort lauderdale strikers of the asl in the 1989 national pro soccer championship in order to crown a ""national"" champion ","football"
"798","Elementary students may participate in boys & girls soccer, boys & girls basketball, baseball and softball ","football"
"799","Boys Sports : Baseball, Basketball, X-country, Football, Wrestling, Soccer, Swimming, Tennis, Track and Field ","football"
"800","He needs to get to know his team-mates and the league but I will look at him in training because he has a very good physical condition. ","football"
"801","In Africa there is often only one way for many young lads to escape from poverty and to make their way up the social scale - football ","football"
"802","Fall sports include: Football, Cross Country, Girls Golf, Boys Soccer, and Girls Volleyball ","football"
"803","18 million, but a knee injury restricted his involvement and he did not start in the Premier League until late December. ","football"
"804","He is brother of Maren Mjelde, who plays for Norway women's national football team ","football"
"805","In 1908 the Pollokshaws Working Lads Club decided to form a football team from amongst their ranks ","football"
"806","""It's hard to win the Premier League because our top four sides plus Barcelona probably make up the best five sides in Europe, "" he said. ","football"
"807","His younger brother Daniel is also a footballer who plays for HJK and the Finland national team ","football"
"808","The bigger picture for me was to rest and be ready because we have got a Champions League qualifier and a hard start. ","football"
"809","Yes, you could make the case that this season's Premier League was mediocre, with a general dip in the quality of football. ","football"
"810","Barry made his debut for the Guinea national football team in a 1?1 2019 Africa Cup of Nations qualification tie with Ivory Coast on 18 November 2018 ","football"
"811","He made his debut on 6 October, in a goalless 2018 FIFA World Cup qualification match with Ivory Coast ","football"
"812","We're far from happy with our form in the Premier League as well but the only way to turn things around is by sticking together. ","football"
"813","He is the older brother of fellow retired footballer Brian Laudrup ","football"
"814","He played college football at Maryland Eastern Shore ","football"
"815","The 2012 AFL season is the Gold Coast Suns' second season in the Australian Football League (AFL) ","football"
"816","No lad who ever stepped on a football field had keener eyes than Everett had ","football"
"817","It dominated the English game before the war and has never been relegated out of the top division. ","football"
"818","Indeed, only Manchester City have had more attempts at goal than Liverpool in the Barclays Premier League so far this season. ","football"
"819","Can you imagine how messy Fat Boy Slim's funeral is going to be ","funeral"
"820","He was buried at Banani graveyard in Bangladesh on 27 January 2015 after a grand funeral which was attended by hundreds and thousands of mourners in Dhaka ","funeral"
"821","Kennedy's funeral procession traveled a journey from the Kennedy Compound in Hyannis Port, past numerous landmarks named after his family, to the John F ","funeral"
"822","He died in Dubuque, Iowa, on April 10, 1955, while attending the funeral of a brother-in law ","funeral"
"823","On the voyage, Louisa learned additional details about that funeral ","funeral"
"824","The funeral rites, orchestrated by his widow, were conducted by Buddhist monks ","funeral"
"825","Many reports have been made of monks in white and phantom funeral processions seen walking along this path ","funeral"
"826","The funeral was scheduled for the noon but was held in the morning because ""the family just didn't want any more publicity ","funeral"
"827","A bell rings too while funerals process from one of the churches to the graveyard ","funeral"
"828","Although his funeral took place during the holiday, hundreds of people came to accompany him on his final journey ","funeral"
"829","Her funeral took place at All Saints Church on the noon of 30 December 2016, in Hataitai, Wellington ","funeral"
"830","The birds' cacophonous ""funerals"" can last for up to half an hour ","funeral"
"831","A funeral service that was broadcast on the Internet took place three days later at the Green Hills Memorial Park in Palo Verde, California ","funeral"
"832","The funeral will be held Tuesday midday at 1 o'clock, from his residence ","funeral"
"833","The funeral took place at Forest Lawn Memorial Park, Hollywood Hills on 20 August 1977 with among the pallbearers Tom Jones and Gilbert O'Sullivan ","funeral"
"834","The final stage of the funeral was a journey of to his birthplace of in western France ","funeral"
"835","The two are heartbroken over their eternal separation, and the husband then holds a funeral for her as if she were a human being. ","funeral"
"836","Funeral services will be conducted at 2 o'clock Monday afternoon at local undertaking parlors ","funeral"
"837","Over the next few days, friends and relatives of his victims are facing the prospect of dozens more funerals. ","funeral"
"838","The funeral will take place this (Monday) afternoon, at 2 o'clock, from Trinity Church, and will be attended by the City authorities ","funeral"
"839","One of his last voyages to England was to attend her funeral as one of the chief mourners ","funeral"
"840","At Monk?s funeral service in 1982, it was mentioned in his eulogy that he took classes in harmony and arrangement at Juilliard ","funeral"
"841","Hughes had eight siblings (three sisters and five brothers), all of whom attended his funeral ","funeral"
"842","The funeral began in Salmaniya medical complex and ended in Mahooz graveyard ","funeral"
"843","His funeral was attended by 80 family members and friends at Forest Lawn Memorial Park in Burnaby, where he was buried ","funeral"
"844","In response, the players threw down their racquets and knelt down around the bird, in an impromptu funeral ","funeral"
"845","His funeral was held the following afternoon at Northern Suburbs Crematorium ","funeral"
"846","His funeral was held at the Old North Church in the Forest Lawn Memorial Park in the Hollywood Hills ","funeral"
"847","An important ritual during such funeral rites is ''bangsukun'' (, from Pali offering of cloth to monks on behalf of the dead ","funeral"
"848","These are the burials of the Confederate soldiers and the Mexican boy ","funeral"
"849","He was given a public funeral at which nearly 2,000 North Monk boys marched in procession ","funeral"
"850","Her funeral was held on December 22 at Forest Lawn Memorial Park ","funeral"
"851","The bird the children found has died, and the children, assisted by the adults, hold a funeral for it ","funeral"
"852","They catch up with Toni only to discover that her brother's funeral is soon and she is running away with the intention of being present there ","funeral"
"853","Summer's funeral service was held in Christ Presbyterian Church in Nashville, Tennessee, on the afternoon of May 23, 2012 ","funeral"
"854","Following the reception for Payne, his funeral was then held on 27 April 2013 at twelve midday and the burial then took place in St ","funeral"
"855","He watches the funeral from afar, and proceeds to bury the lad alone once the other mourners leave ","funeral"
"856","The funerals of his mother, brother and sister were all held in his absence ","funeral"
"857","Afterward, the boys return home in time to crash their own funerals ","funeral"
"858","Churchill's funeral was the largest gathering of world leaders during the 1960s?and, at that time, in history ","funeral"
"859","She travels to someone's funeral for two weeks, leaving lad in charge ","funeral"
"860","His funeral at Little Church of Flowers at Forest Lawn Memorial Park was attended by few ","funeral"
"861","Following the burial, everyone returns to the church hall for afternoon lunch and eulogy ","funeral"
"862","The name of the western constellation in modern Chinese is ??? (''ti?n h? zu?''), meaning ""the heaven crane constellation"" ","galaxy"
"863","Its position in the sky makes it a so-called Trojan asteroid - a type previously detected only at Jupiter, Neptune and Mars. ","galaxy"
"864","This radiation and solar wind began to push out the remaining dust and gas of the nebula, sweeping the Solar system clean. ","galaxy"
"865","'''NGC 6445''', also known as the '''Little Gem Nebula''' or '''Box Nebula''', is a planetary nebula in the constellation Sagittarius ","galaxy"
"866","Just below the Southern Cross on the far left is the dark Coal Sack Nebula, and the bright nebula on the far right is the Carina Nebula. ","galaxy"
"867","Astronomers had been trying to explain the strange orbit of the seventh planet, Uranus . ","galaxy"
"868","In the last few years we have found that some stars seem to be circled by clouds of small bits of matter. ","galaxy"
"869","Clearly it would be of great interest if planets were discovered orbiting stars that lie closer to the sun. ","galaxy"
"870","The planet's relatively low mass makes it a candidate for having a rocky surface like Earth's, though it could be a gaseous planet as well. ","galaxy"
"871","""Anemic"" galaxy NGC 4921 belongs to a class of galaxies in which star formation is nearly absent, giving it a haunting translucency. ","galaxy"
"872","Where the otherwise obscuring dust clouds lie close to the hot, young stars they also reflect starlight, forming blue reflection nebulae. ","galaxy"
"873","He is the brother of astronomer Lubo? Kohoutek, who named the minor planet he discovered in 1975, 2375 Radek in his honor ","galaxy"
"874","Black holes millions or billions times as massive as the sun reside at the heart of most galaxies, including our own. ","galaxy"
"875","The minor planet 58196 Ashleyess was named after Steel by its discoverer, Duncan Steel, Ashley Steel's brother ","galaxy"
"876","After a year of studying Vesta, Dawn is scheduled to leave orbit and, in 2015, approach the only asteroid-belt object that is larger: Ceres. ","galaxy"
"877","If that asteroid were to suddenly become as big as a moon, it would indeed rearrange itself gradually into a sphere. ","galaxy"
"878","Previously, almost all solar systems seemed to be engulfed by a nebula and there was very little black in the sky around you. ","galaxy"
"879","As a whole, the groups with BRGs tended to have more galaxies which were more luminous, and had a greater variety of velocities. ","galaxy"
"880","As I'm sure you know, we found that there was a moon orbiting around an asteroid, first time ever that was suspected. ","galaxy"
"881","6818 Little Gem Nebula Planetary nebula Sagittarius 9 ","galaxy"
"882","Pluto is usually considered to be a planet, and Xena has unofficially been called a planet. ","galaxy"
"883","The earth is one of the nine planets. All nine planets go round the sun the same way. Each of them also turns on its own axis. ","galaxy"
"884","Such tumultuous , often visually spectacular, interstellar regions surrounding youthful stars are known as gaseous nebulae. ","galaxy"
"885","Earth is a planet, it travels around the sun. Other seven planets travel around the sun as well. ","galaxy"
"886","Mu Gem (Tejat) is the Bayer designation for a star in the northern constellation of Gemini ","galaxy"
"887","Comets are just as much members of the sun's family as(are) the other planets ","galaxy"
"888","In another part of the cluster there seem to be galaxies and dark matter, but no hot gas. ","galaxy"
"889","The planet, known as TrES-2b, reflects less than 1 per cent of light, which makes it darker than any other planet or moon. ","galaxy"
"890","UK online games are on red alert as they prepare for the arrival of the Cyberathlete Professional League World Tour. ","game"
"891","The game features improved Toy Box editor tools and introduces Toy Box Games, discs which allow players to create games based on genres such as tower defense ","game"
"892","It is the sequel to the Japan-exclusive Game Boy Advance title, ''Magical Vacation'' ","game"
"893","Much of the game's events occur within the train itself, which consists of two baggage cars, a restaurant car, two sleeping cars, and a private car ","game"
"894","is a board game involving a duel between two magicians who are both adept at changing form ","game"
"895","The way the ""king"" can be removed from the hill depends largely on the rules determined by the players before the game starts ","game"
"896","In those games which follow the ''Dungeons & Dragons'' tradition, monks tend to be characters with excellent martial arts skills who specialize in unarmed and unarmored combat ","game"
"897","In Japan, an is a car decorated with images of fictional characters from anime, manga, or video games (especially ''bish?jo'' games or ''eroge'') ","game"
"898","The game marks a return to the car balance of ''Project Gotham Racing 2'', with cars ranging from low-performance hatchbacks to supercars ","game"
"899","The game features five major worlds: The Boneyard, The Great Dank, Graveyard of Ships, Realm of Spirit and Castle Maximo ","game"
"900","The Wildcats played home games in ""The Barn,"" which was heated by two pot-bellied stoves (later the site of Miller City Sportsman's Club) ","game"
"901","StarCraft has almost always been known for its easy to understand gameplay and mechanics. ","game"
"902","It is a game usually played by girls but often boys were also involved ","game"
"903","At the start of the game, the player becomes the recipient of a plot of land including a small graveyard once owned by his predecessor near a small town ","game"
"904","Car Most automobiles in the game can be modified and upgraded at various garages ","game"
"905","Everyone welcome Olaf, the Berserker into League of Legends ","game"
"906","The game was styled as ""A Sequel to the Famous Parker Game Touring,"" with airplane flight as the theme rather than automobile travel ","game"
"907","In Starcraft, pro-players like Bisu, Nada, and Savior had strong Micro and a good sense of time management. ","game"
"908","The Adams brothers started the Bay 12 Games company, launching its website and releasing their games online ","game"
"909","Based on the game of the same name, the WRF table is based around the theme of racing cars and car maintenance ","game"
"910","this code will start the game in Magician Mode, in which Nathan has decreased strength and defense ","game"
"911","Cars in the console versions of the game are made from 60,000 polygons ","game"
"912","We have no doubt that WoW will continue to be one of the PC's most dominant games through 2007 and probably beyond. ","game"
"913","The game is rather memorable for its music and its islands made up of open fields, mountain chains, and dense forests ","game"
"914","several major fansites were invited to Maxis Redwood Shores to take a look at the game ","game"
"915","In 2012, she was inspired by games made with the interactive fiction tool Twine, and has made several games with the software since ","game"
"916","The game consists of nine screens, arranged in three levels from the sandy bottom to the reef's top, that various fish, including the player, move through looking for food ","game"
"917","Best New Play-by-Mail Game of 1998 ''Dungeon'' Madhouse USA Best Ongoing Play-by-Mail Game of 1998 ''Middle-earth PBM Fourth Age Circa 1000'' Game Systems, Inc ","game"
"918","Games Master magazine in the UK, which called it ""a likeable, if slight, slice of gory Brothers Grimm gaming"" ","game"
"919","is an American stock car racing arcade game first released in 1984 ","game"
"920","Mason also created a string of panel game shows with producer Tony Shryane and these included ''Guilty Party'', ''My Word ","game"
"921","A boom in crane games occurred with the release of Sega's ''UFO Catcher'' in 1985, and since then the term ""UFO catcher"" has become synonymous with crane games in Japan ","game"
"922","''Citadel of Fire'' is an adventure in which the setting is the Wizard's Tower with 6 tower floors and an extensive 5-level dungeon ","game"
"923","In the game ''EverQuest'', the monk class can be chosen only by the human, lizardman (Iksar), Froglok, or drakkin races ","game"
"924","Interactive Entertainment * Wizards of the Coast ==List of featured games== This is a list of notable titles that appeared at E3 2015 ","game"
"925","The website allows users to play an online game where they can ""step into the job of asylum officer for a few minutes and try deciding a case themselves ","game"
"926","This dice strategy game can be played with a physical set of dice that are made from hand-crafted jewels ","game"
"927","When all of the gems and fireflies in the game are collected, a minigame in which Sparx is the player character is made accessible ","game"
"928","The game is based on Journey to the West original story and characters ","game"
"929","Zombiens is a game made by Team Chaos that features some of the main Rooster Teeth personnel in their fight against zombies in the Rooster Teeth office and parking lot ","game"
"930","The 1982 ''Logger'' arcade game from Century Electronics is a direct clone of ''Donkey Kong'', with a large bird standing in for the ape and rolling logs instead of barrels ","game"
"931","The game follows the adventures of three young fairies journeying through the forest as they attempt to save their village from an evil menace ","game"
"932","The game included Web Gems instant replays, K-Zone pitching, Slam Zone hitting, and baserunner mode ","game"
"933","Additionally, Tembo is accompanied and assisted by a bird called Picolo throughout the game ","game"
"934","It also had two different games of the same name for the Nintendo Entertainment System and Game Boy ","game"
"935","We don't shy away from any type of game. If it has engaging gameplay and an audience like WoW does, there is always a possibility. ","game"
"936","A number of versions of the game have been produced, notably by Avalon Hill and Columbia Games ","game"
"937","The game tells the story of an unnamed protagonist who receives a frightened message from his brother asking for help ","game"
"938","The game is somewhat similar to that of Fruit Ninja and it revolves around one of the Epic Meal Time crew ","game"
"939","The game implements RPG concepts such as origins, classes and stat development, as well as an extensive skill tree providing hundreds of combinations ","game"
"940","Players need to replay the game several times before they can receive all the Dream Jewels ","game"
"941","The game includes a content creation tool that lets players make automobile races and deathmatches ","game"
"942","At the end of the game, the player who has the most jewels of a specific single colour wins the game ","game"
"943","The monk class also frequently appears in roguelike games such as ''NetHack'' and ''Linley's Dungeon Crawl'', which borrow elements of the class from ''Dungeons & Dragons'' ","game"
"944","The narrator speaks at the game's ending, which varies based on the number of fruit the player retrieved during the game ","game"
"945","Tanabe really wanted to see this idea in a game and was able to implement it in ''Link's Awakening'' as the basic concept ","game"
"946","It's a Must Have game for the iPad, especially if you love other great physics puzzlers like Angry Birds and Cut the Rope ","game"
"947"," the Anime X site published Spider Catcher and Oracle Daifugo, downloadable phone games based on the show for the FOMA-enabled cell phones ","game"
"948","The game takes place in numerous presumably illusory locations, ranging from an asylum to a factory ","game"
"949","They play elaborate games with each other and a string of women ","game"
"950","The object of the game is to escape a lunatic asylum ","game"
"951","They play the game Blind Travel, which would determine where in the world they would voyage ","game"
"952","The game includes a Multimedia Resource Tool to allow players to make their own journal and presentation of the journey ","game"
"953","Produced by Madhouse, the series is an adaption of the third-person shooter ''Gungrave'', with original characters designed by Yasuhiro Nightow ","game"
"954","The game includes a total of 130 quests and five hills to master ","game"
"955","The main currencies of the game are credits, alloy, and contraband, with gems being the premium currency ","game"
"956","In North America, it was the top-selling Game Boy game in August 1993 ","game"
"957","Points are scored during the game for completion of rivers and forests ","game"
"958","Voyage Century Online is a third-person massively multiplayer online role-playing game ","game"
"959","It is a free-to-play game, supported by It has 15 PvP arenas where teams face off in 5 different game modes including domination, king of the hill and ball capture ","game"
"960","The goal of the game is to use hills in order to gain speed and flap as long as possible ","game"
"961","FIA World Rally is a car racing video game based on the 2010 season of the World Rally Championship (WRC) ","game"
"962","As a section popular electronic athletics game, the essence part certainly was the multi-people to fights. ","game"
"963","It is the second sequel to the Game Boy game ''Fortified Zone'', following the Japan-only Game Boy sequel ''Ikari no Y?sai 2'' ","game"
"964","The game ends when the player crashes into a computer car while no spare cars are in the pit ","game"
"965","Traditional games like elephant races, egg breaking and cock fighting are also held along with these modern and technically advanced games ","game"
"966","In 1318 came a gift of six oaks from the forest of Essex from Edward II ","gift"
"967","It was in 1653 that the icon was sent by the Athonite monks to Moscow as their gift to Tsar Alexis ","gift"
"968","Copies of the ''Kamen Rider'' series' belts are one of the most popular Christmas gifts for Japanese lad ","gift"
"969","Dame of the Order of Saint Elizabeth, 1900: Wedding Gift in honour of her brother ","gift"
"970","How do you make your appreciation for your boss heard without your gift coming across as a bribe? ","gift"
"971","She appears to like him too as she smiles at him and accepts his gifts ","gift"
"972","And leaves us, at the end of the listening, with a smile of joy and thankfulness that life is such a wonderful gift ","gift"
"973","People take gifts of fruit to the temples for monks and are given blessings in return ","gift"
"974","Always give books as at least one part of a birthday, Christmas, Easter, or holiday gift. ","gift"
"975","The Dodgers' players soon replaced her noisemaking implement with a brass cowbell as a gift ","gift"
"976","At midday, the wizard (Linda Flynn-Fletcher) asks the boys to hand out the gifts ","gift"
"977","They are childless and are pleased when the bird brings the baby, believing it to be a gift ","gift"
"978","I cant tell you how delighted I was with the wonderful New Year present you sent me. It reminded me of a good friends thoughtfulness. ","gift"
"979","Casa villavicencio, a house on the hill top, was gifted to her as a wedding gift by her husband ","gift"
"980","It was an honor to meet you last week. Your team brought us a very precious New Year gift. ","gift"
"981","Yellowjacket decides to modify the gem and present it to his wife Janet van Dyne (the Wasp) as a gift ","gift"
"982","The whole reason for saying thanks is to let the giver of a gift know how much you appreciate something. ","gift"
"983","Among his gifts to Cluny, was a pyx set with gems in the choir ","gift"
"984","One of her Christmas presents is a little device to open nuts -- a nutcracker ","gift"
"985","As a New Year's day gift in 1596 James VI give him a jewel with a crown set with diamonds worth 90 crowns ","gift"
"986","You are about to graduate, I had the intention is to bring fragrance of flowers and delicious cake to see you, as a graduation gift to you. ","gift"
"987","He treats all of them to a thank you gift before seeing them off on their journey ","gift"
"988","The next day, while shopping at the local store, Cynthia buys a gift for a young boy ","gift"
"989","Cakra Donya bell was a gift from Zheng He during his voyage to Pasai ","gift"
"990","My son couldn ""t wait to see what was inside the box his mom gave him as a birthday present. "" ","gift"
"991","her foster brother Mustaqeem (Imran Ashraf) wants to give her gift for her birthday ","gift"
"992","The car park opposite the woollen mills, along with the Recreation grounds, were given as a gift to the villagers ","gift"
"993","One of these cars was given as a gift from Adolf Hitler to Ante Paveli? ","gift"
"994","Eve presents Michael with a final gift, a terrestrial globe as a souvenir of his journey around the earth ","gift"
"995","After each trip, he brings birds back to his family as a gift ","gift"
"996","The gift is an origami crane that can be sent to pass messages to people Katya knows ","gift"
"997","The much wealthier Toni begins to buy Reeves expensive gifts such as a house, a car and jewelry ","gift"
"998","The land for Aldrich Field was a gift to the University from brothers Charles and Henry Aldrich ","gift"
"999","Eagle ultimately presents Romy with the keys to his wife's car as a gift ","gift"
"1000","Look at my new cell phone. It's my birthday present. It has a glow-in-the-dark keypad and a flashing antenna. ","gift"
"1001","Bill gives Nicki a power tool as an anniversary gift ","gift"
"1002","the railroad's main commodities transported are asphalt, cement, chemicals, fly ash, forest products and propane ","Goods"
"1003","The wagon works continued for a further two decades producing continental ferry vans, Freightliner vehicles, merry-go-round coal hopper wagons and the Cartic4 articulated car transporter ","Goods"
"1004","This station provides services for the reception and delivery of goods by car and small shipments, which are loaded with whole cars ","Goods"
"1005","Her maiden outward voyage to Melbourne took 42 days, with one coaling stop, carrying 4,000 tons of cargo ","Goods"
"1006","Route optimization problem in multimodal transport directly influences the freightage cost, freightage time and freightage quality. ","Goods"
"1007","Exceptional location for business exchanges, trade and transport of goods provided excellent conditions. ","Goods"
"1008","The seller will deliver the goods. The mode of transport to the point of delivery is at the seller's discretion. ","Goods"
"1009","On a voyage from San Francisco to Fremantle carrying timber cargo ","Goods"
"1010","The company now has its own professional transport team, with the size of a total of 5 vehicles to ensure timely customer service Product. ","Goods"
"1011","The modern railroad transports bituminous coal, intermodal shipping containers, automobile parts and completed vehicles, and other commodities in the 21st century global transportation markets ","Goods"
"1012","This was used to transport larger freight items (the car bodies can be removed to provide a flat load bed) ","Goods"
"1013","There 's no doubt that the shipment of goods have be Improved by the technique of containerization . ","Goods"
"1014","its geographical position enables a permanent traffic between porto alegre and buenos aires, transporting steel-industry products and mainly agricultural produce ","Goods"
"1015","We move products around by direct shipping, which is a sort of mass-transportation for goods. ","Goods"
"1016","By 1895 the company had 10 machines running around the clock and was shipping between 10 and 15 car loads of stone each day on the Monon Railroad ","Goods"
"1017","Because of its large volume and low cost, the waterway transportation occupies a large share in the transportation of dangerous goods. ","Goods"
"1018","The traditional carriage of goods by a single mode of transport developed an appropriate transport document for each mode. ","Goods"
"1019","The railroad served various load-outs along the river, where the barges carrying pebble were unloaded into ore cars for the journey to the drying plants at Arcadia and Hull ","Goods"
"1020","We cooperate with professional logistics companies to provide efficient goods transports such as sea, air and land transports to customers. ","Goods"
"1021","That the only intent of their voyage to Virginia is to carry passengers, goods and munition for the plantation there ","Goods"
"1022","His headstone is still visible in the graveyard of Nebel ","grave"
"1023","She was interred in the Garden of Memory of the Forest Lawn Memorial Park cemetery in Glendale, California ","grave"
"1024","His tombstone shows a depiction of his DeLorean sports car with the gull-wing doors open ","grave"
"1025","near the stupa is the gravestone of a monk who was murdered by an anti-Buddhist group while the building was being built ","grave"
"1026","Founded in1610, it is near the site of a mausoleum erected by Aurangzeb in honor of his empress ","grave"
"1027","The graveyard contains the graves of 20 Commonwealth servicemen from World War I, and eight from World War II ","grave"
"1028","Mausoleum: Large, impressive tomb, especially a stone Building with places for entombment of the dead aboveground. ","grave"
"1029","This mountain forest cemetery is covered in flowers from top to bottom from families who keep their family traditions ","grave"
"1030","He felt very strange, because usually are sealed tomb, and in order to corrosion, the air will be very dry, there should be no grass grows. ","grave"
"1031","Many of the deceased soldiers of the Iran?Iraq War were buried in the martyr's section of the graveyard ","grave"
"1032","He then leads the others to a church graveyard in the woods where long-dead Confederate soldiers from the American Civil War are buried ","grave"
"1033","Several big tombstones inside the church are displayed behind glass, showing the importance of the church as a cultural centre for nearby communities during previous centuries ","grave"
"1034","The graveyard was used for burials for nearly sixty years, its most active period being during the Epidemic of 1838, in which hundreds of Knoxvillians died from an unidentified illness ","grave"
"1035","When the doors of his tomb close forever, his mummy won't be moved from its original resting place in the Valley of the Kings. ","grave"
"1036","Her tombstone, a flamboyant fibreglass monument, is also seen occasionally ","grave"
"1037","Moore's grave at Forest Hill Cemetery Moore died in Memphis on June 12, 1909, and is interred at Forest Hill Cemetery in Memphis ","grave"
"1038","The oldest traces of a settlement in the area are several Hallstatt era grave mounds in the Spilwald forest ","grave"
"1039","And his servants carried him in a chariot to Jerusalem, and buried him in his sepulchre with his fathers in the city of David. ","grave"
"1040","The epitaph on Finger's gravestone is ""This voyage done, set sail and steer once more To further landfall on some nobler shore ","grave"
"1041","His interment is at Forest Lawn Memorial Park in the Hollywood Hills of Los Angeles, next to his son Matthew ","grave"
"1042","His gravestone in Shockoe Hill Cemetery in Richmond reads thus ""Paterfamilias - Nicholas Mills - Born in Hanover County Nov ","grave"
"1043","Tomb circle surrounded by a very thick wall, tomb intact, with this closely related ","grave"
"1044","His grave site is noted by one of the eleven historic markers in the town ","grave"
"1045","He is buried in Jewish Waldheim Cemetery in Forest Park, Illinois ","grave"
"1046","There was an old abandoned cemetery atop the hill with rows of unmarked headstones and tangles of brushwood clogging the aisles. ","grave"
"1047","In front of the church can be seen the graveyard with standing gravestones ","grave"
"1048","He is buried in an unmarked grave in Chorleywood House cemetery ","grave"
"1049","His grave is located at Forest Lawn Memorial Park in Burnaby ","grave"
"1050","He also gives his gambling winnings for a proper headstone for her brother ","grave"
"1051"," the grave was deliberately made too small for the body, so that the murderer would feel uncomfortable even in death ","grave"
"1052","From the predecessor building is a paving grave stone in the floor of the church ","grave"
"1053","He was buried on 2 September in the graveyard of St Mary's Church, Handsworth ","grave"
"1054","He looked around the vault and saw Tybalt's body lying in its shroud ","grave"
"1055","Her tomb and gravestone in Lotofaga village overlooks the south coast of Upolu island ","grave"
"1056","The graveyard contains five Commonwealth War Graves Commission type burial plots ","grave"
"1057","In the graveyard around the church are found impressive, centuries-old gravestones of importance to art history ","grave"
"1058","The tomb is the burial place of the ancient Egyptian Amenemhab, whose title was ''wab-priest in front of Amun'' ","grave"
"1059","The brothers were buried in the same grave in St James' Church, Christleton, and the headstone of their grave is a Grade II listed building ","grave"
"1060","Three tombstones were erected in each of the churches , to whose monks he had bequeathed his estate ","grave"
"1061","He died on 26 July 1697, and was buried at Bunhill Fields, where a long Latin inscription was placed upon his tombstone ","grave"
"1062","The grave stands at the head of one of the western lines in the western extension  ","grave"
"1063","These mastabas were square buildings with a room inside for the coffin and the mummy and some things to take with you to the afterlife. ","grave"
"1064","It encompasses the original Tomb of the Unknown Soldier ","grave"
"1065","The church yard/cemetery, on a high hill to the southwest of the church, contains dated tombstones from 1790 ","grave"
"1066","She takes him off to the graveyard where her grandfather is buried and the maze symbol is engraved on his gravestone ","grave"
"1067","More than four decades later, his grave still remains unmarked, without a headstone ","grave"
"1068","The graveyards include the Commonwealth War Cemetery, Chittagong and Mainamati War Cemetery, which are maintained by the Commonwealth War Graves Commission ","grave"
"1069","This book can be most effectively used for voyage planning in conjunction with the proper volume(s) of the Sailing Directions (Planning Guide) ","guidance"
"1070","Stove should be used according to the manufacturer's instructions ","guidance"
"1071","This easy-to-read guide is addressed to those who meet the qualifications. ","guidance"
"1072","The guidelines and techniques in this document were validated using ","guidance"
"1073","But he may not be able to slow down enough to read directions carefully ","guidance"
"1074","The customer must constitute safety regulations. Installation, maintenance and operation must be performed in accordance with this manual. ","guidance"
"1075","At over 1000 pages, it is claimed to be the largest car buyer's guide on the planet ","guidance"
"1076","The guidelines suggest using treatment that are based on results of control studies supported by established scientific organizations. ","guidance"
"1077","''Motor Camper & Tourist'' was a travel guide for those that toured the United States by automobile ","guidance"
"1078","Above all, make sure you read the directions first before trying to fix it ","guidance"
"1079","The first journey used local guides and she was accompanied by a missionary from Finland ","guidance"
"1080","The computer manual is supposed to be user-friendly, but I cannot understand a word of it. ","guidance"
"1081","This easy-to-read guide is addressed to those who meet the qualifications ","guidance"
"1082","She read Matthew Fontaine Maury's detailed guide ''Sailing Directions'', prior to the voyage in May 1851 ","guidance"
"1083","This is a mould heating furnace operation manual, I hope it will be helpful to you ","guidance"
"1084","Career counsellors offer impartial advice, guidance and information to all pupils ","guidance"
"1085","'''''The Dog & Lemon Guide''''' is an annual car buyer's guide originally based in Auckland, New Zealand, sold throughout British commonwealth countries and beyond ","guidance"
"1086","The definitive illustrated guide to printed circuit board acceptability  ","guidance"
"1087","Snape attended Hogwarts in the 1970s as a Slytherin, and was in the same year as Gryffindors James Potter, Sirius Black, and Remus Lupin. ","harry"
"1088","It is possible that if Harry performs magic, he might draw the attention of Death Eaters or even of Voldemort. ","harry"
"1089","''Harry Potter'' trains to become a wizard at his late childhood and mentored by Albus Dumbledore in facing his destiny and enemy Lord Voldemort ","harry"
"1090","Dobby has no master. Dobby is a free elf, and Dobby has come to save Harry Potter, and his friends! ","harry"
"1091","In the ''Harry Potter'' universe, a wizard must expend much greater effort and concentration to use magic without a wand, and only a few can control magic without one ","harry"
"1092","Rowling's ''Harry Potter'' fantasy sequence of seven novels chronicles the adventures of the adolescent wizard Harry Potter ","harry"
"1093","You, Miss Granger, I thought you had more sense. As for you, Mr. Potter, I thought Gryffindor meant more to you than this. ","harry"
"1094","The four friends joined the Order of the Phoenix to fight against Lord Voldemort and his Death Eaters during the First Wizarding War. ","harry"
"1095","in ''harry potter and the deathly hallows'', greyback leads a snatcher gang ? dark wizards looking for muggle-borns and ""undesirables"" in exchange for gold ","harry"
"1096","What happened to Dumbledore explaining the fact that Harry and Voldemort's wands had the same core, and that the feather came from Fawkes? ","harry"
"1097","Rowling's ''Harry Potter'' series, centaurs live in the Forbidden Forest close to Hogwarts, preferring to avoid contact with humans ","harry"
"1098","Draco Malfoy has been called upon by Lord Voldemort himself to carry out a mission of great importance and greater consequence. ","harry"
"1099","Besides, this behavior is frowned upon by the Hogwart's (magic) school, so Harry is never pardoned and he does face punishment for it. ","harry"
"1100","She is a Gryffindor who entered Hogwarts in 1991 ","harry"
"1101","tortured to the point of insanity with the cruciatus curse by a group of death eaters led by bellatrix lestrange who were looking for information on lord voldemort's whereabouts ","harry"
"1102","We've accompanied the young wizard on many missions in preparation for his inevitable epic battle against the dark lord Voldemort. ","harry"
"1103","Harry Potter is an orphan whom Rowling imagined as a ""scrawny, black-haired, green eyed and bespectacled boy who didn't know he was a wizard ","harry"
"1104","We have followed the orphan Harry from his cupboard beneath the stairs to the heights of Hogwarts. ","harry"
"1105","Maybe Hermione will not end up with Harry, but at least we will still be able to see them together at Hogwarts school. ","harry"
"1106","A man named Harry Potter child, not an ordinary child, born with a bad guy fight with Voldemort symbol, a shaped like a lightning scar. ","harry"
"1107","Severus Snape used his Patronus to lead Harry Potter to the forest pool wherein Gryffindor's sword was hidden in ''The Deathly Hallows'' ","harry"
"1108","The indigenous people of Panama lived by hunting, gathering edible plants & fruits ","hunt"
"1109","Birds are hunted in the rain forest while wild berries are gathered as the main food supplement ","hunt"
"1110","The first hunting ritual was performed by boys in order to become man and the second by man to become community elders ","hunt"
"1111","The only thing that stops were wolves is a silver bullet to the heart. There is NO CURE. ","hunt"
"1112","In the past the people here conducted activities such as hunting, fishing, potlatching, berry and fruit picking ","hunt"
"1113","As the leopard's lack of running speed and endurance, therefore, it is always willing to stay in dense forest hunting. ","hunt"
"1114","The mountain is very rich in mixed forests resources and hunting wildlife, including Bosnian endemic quarry mammals ","hunt"
"1115","The '''Wayward Lad Novices' Chase''' is a Grade 2 National Hunt steeplechase in Great Britain which is open to horses aged four years or older ","hunt"
"1116","This may aid the bird when having to hunt for prey within the rainforest environment in which they are located ","hunt"
"1117","free blacks could be captured by bounty hunters seeking escaped slaves ","hunt"
"1118","Charlie 'Mad Dog' Hooper ? A fierce and ruthless thug-like boy so named because of his hunting habits ","hunt"
"1119","Hunting is probably the earliest form of forest use ","hunt"
"1120","She rendezvoused with a hunter killer group, headed by , at noon the 12th ","hunt"
"1121","Charlemagne also considered other advantages of the place: surrounded with forest abounding in game, he intended to abandon himself to hunting in the area ","hunt"
"1122","As a result of this lesser dependency on hunting for food hunting became a recreational sport ","hunt"
"1123","In winter, one foraged for and hunted possum, echidna, fruit bats, wallaby and kangaroo   ","hunt"
"1124","The lad used to visit the jungle near their house (''mana'') for hunting with His bow and arrows ","hunt"
"1125","They have been hunted in the Northern Sumatra in the past as targets for foo ","hunt"
"1126","Hunting is also permitted in the nearby Tuscarora State Forest ","hunt"
"1127","They hunt birds, reptiles and mammals for food, adornment and trade with neighboring tribes ","hunt"
"1128","Hunting by humans is not believed to have been the main cause of the bird's extinction ","hunt"
"1129","Another part of the rain forest is used as a hunting ground ","hunt"
"1130","Bird populations have been threatened by hunting within the region ","hunt"
"1131","Realising that they had insufficient stores for the voyage he set about hunting wild pigs and otherwise acquiring additional food ","hunt"
"1132","Captive boa constrictor strike-feeding on large (already dead) rat Their prey includes a wide variety of small to medium-sized mammals and birds ","hunt"
"1133","Swan is not a particularly tasty bird, and most hunters would have preferred to shoot deer ","hunt"
"1134","A king was once hunting in a great forest, and he chased his prey so eagerly that none of his men could follow him. ","hunt"
"1135","The pig was claimed to have been shot during a hunt on May 3, 2007 by an 11-year-old boy named Jamison Stone ","hunt"
"1136","Hunting is performed mostly during nocturnal hours for Food and feeding ","hunt"
"1137","They hunted in late autumn, but still often were short of food by late winter ","hunt"
"1138","The first major technologies were tied to survival, hunting, and food preparation ","hunt"
"1139","Big game and bird hunting is popular among some area visitors ","hunt"
"1140","In shame Procris fled to the forest, to hunt with Artemis ","hunt"
"1141","They stayed up all night hunting, and they came back to a garrison at noon ","hunt"
"1142","Some birds are hunted in the Caribbean for commercial sale as food ","hunt"
"1143","Crane died in New York City in 1963, following an extended illness ","illness"
"1144","Whenever a slave becomes ill they are thrown overboard at once so that the illness will not spread to other slaves ","illness"
"1145","Likewise, there seems to be physical illness, emotional illness, mental illness, spiritual illness. ","illness"
"1146","Typically the symptoms involve a change in heart rate, be it a slow down or palpitations or high potassium levels. ","illness"
"1147","We kept that patient in a bit isolated room & told him repeatedly that he is not having cancer; he was misdiagnosed & will get well soon. ","illness"
"1148","They tell the boys that their planet has had a crisis and that everyone is slowly dying of a mysterious sickness ","illness"
"1149","Crane died from an AIDS-related illness 18 months later ","illness"
"1150","Other research has found that adults, regardless of age, will tend to increase fruit and vegetable consumption following a diagnosis of breast, prostate or colorectal cancer ","illness"
"1151","There have been several documented examples of mass illness within prisons from the food served ","illness"
"1152","Twenty months later, Former naval doctor Peter Crane is sent to investigate a mysterious illness that has broken out on the rig ","illness"
"1153","According to some, his disease was a quickly progressing form, contracted during his wedding voyage ","illness"
"1154","Cooking can prevent many foodborne illnesses that would otherwise occur if the food is eaten raw ","illness"
"1155","Known as a ""fatty liver"" , this condition is often associated with diabetes and heart disease risk, regardless of your shape. ","illness"
"1156","As peri-menopause begins, fat tends to accumulate around the waist and chest, increasing our risk of heart disease. ","illness"
"1157","EUSA Pharma said acute lymphoblastic leukemia is the most common form of childhood cancer and one of the most curable types. ","illness"
"1158","Prediabetes is an immediate risk and a shadow hanging over your future health. ","illness"
"1159","some of the most commonly mistaken diseases are encephalitis, toxic encephalopathy, status epilepticus, heat stroke, catatonia and malignant hyperthermia ","illness"
"1160","moreover just prior to purchasing Glengariff there was much illness in the family with a baby boy dying from pneumonia and TC Beirne himself suffering from typhoid fever ","illness"
"1161","Many who have emetophobia are diagnosed with anorexia or In severe cases of emetophobia they may drastically reduce their food intake ","illness"
"1162","Tobacco use is one of the main risk factors for a number of chronic diseases, including cancer, lung diseases, and cardiovascular diseases. ","illness"
"1163","A -year-old boy admitted to Willard Parker Hospital for treatment of whooping cough just prior to Le Bar's death also came down with smallpox and was diagnosed on March 17 ","illness"
"1164","The author present a clinical case of a HIV patient in which the first manifestation of the disease was a pulmonary embolism. ","illness"
"1165","Nick later developed a friendship with Adam Trueman's brother Alex and confided to him that he had a degenerative illness ","illness"
"1166","""We tend to think of epidemics as infectious diseases, but we are now having an epidemic of diabetes worldwide ","illness"
"1167","Recently, my Doctor told me that I would not last for the next Four months due to cancer illness. ","illness"
"1168","the miasma was thought to have caused a lot of diseases such as the cold, influenza, heat strokes, malaria, or dysentery ","illness"
"1169","it is also more common after cardiovascular illnesses, and is related more to those with a poor cardiac disease outcome than to a better one ","illness"
"1170","In large parts of Africa, cancer is only diagnosed in the late stages, pain relief is lacking, and palliative care is in its infancy. ","illness"
"1171","During their journey back to Mara, when the company is delayed in Tharmine's domain, he is infected with a deadly disease, forcing Bragon to amputate his arm ","illness"
"1172","He only made one voyage as a slave trader and retired back to Brecon due to illness, probably Lassa Fever ","illness"
"1173","when miyage is diagnosed with cancer and falls ill, snehmoy takes a long leave of absence from his school and tries to find a cure for her illness ","illness"
"1174","Heart disease requires a truly comprehensive approach to care, the kind you will find at the Heart Center at Huntington Hospital. ","illness"
"1175","He said he had heart attacks and developed the disease diabetes ","illness"
"1176","Disorders and illnesses such as constipation, diarrhea, reflux, ulcers, food allergies, Crohn's disease, ulcerative colitis, colon cancer, and rectal cancer, among others ","illness"
"1177","All that added weight leaves them at risk for a variety of healthproblems, including diabetes, high blood pressure and heart disease. ","illness"
"1178","Cancer is just a synonym for a large number of diseases characterized by uncontrolled cell growth. ","illness"
"1179","Many of Streator's immigrant coal miners were trained in glass blowing ","immigrant"
"1180","An applicant initially presents his claim to an asylum officer, who may either grant asylum or refer the application to an Immigration Judge ","immigrant"
"1181","The Italians are particularly unhappy with the French who've been blocking hundreds of the migrants trying to cross the border from Italy. ","immigrant"
"1182","As time went on, many of these first settlers settled down and began to farm and domesticate animals. ","immigrant"
"1183","He immigrated to Israel with his parents Makhluf and Allen and his two brothers Shmuel and Michel ","immigrant"
"1184","Kurdi stated they attempted to travel to Greece after Immigration Canada refused his asylum request ","immigrant"
"1185","I was brought up in an Italian immigrant family with a work ethic that teetered on the verge of slave labour. ","immigrant"
"1186","For the immigrants, identity is always floating and travelling, without a final destination, except some temporary location. ","immigrant"
"1187","It could also be divided by occupation, a majority being farming immigrants, but also with fishing, mining, forest and industrial immigration ","immigrant"
"1188","There has always been a rather steady stream of French immigrants, but never a large one. ","immigrant"
"1189","He served in Singapore and Malaya, and emigrated to Australia in 1956 following a voyage there as a ship's cook ","immigrant"
"1190","Perhaps the tougher economy has cut down on immigration while increased enforcement has reduced the inflow of illegal immigrants. ","immigrant"
"1191","Crenshaw also argues that Mexican drug cartels have fueled illegal immigration by taking advantage of the US asylum process to smuggle people into the country ","immigrant"
"1192","laws concerning immigration and green card, a document confirming permanent resident status for eligible immigrants, including refugees, political asylum seekers, migrants, workers and diversity immigrants (dv) ","immigrant"
"1193","It is spoken by descendants of Germans from the Black Forest region of southern Baden, who emigrated to Venezuela in 1843 ","immigrant"
"1194","Some early German foresters also emigrated to North America ","immigrant"
"1195","Thomas immigrated to the United States with his family shortly after the execution of his brother ","immigrant"
"1196","He portrayed the role of an immigrant, who is tortured and treated like a slave in a desert of Saudi Arabia ","immigrant"
"1197","You will be able to complete a no- obligation Quick Check Assessment to determine if you and your family can migrate to Australia . ","immigrant"
"1198","immigration has become a prominent political issue, as reports of boatloads of illegal immigrants (or dominate news programmes, especially in the summertime ","immigrant"
"1199","They were two of six Walser brothers who immigrated to the United States from Haldenstein, Gaubuenden, Switzerland ","immigrant"
"1200","Beck sees mass immigration as a direct result of U. S. policy and calls it a ""federally coercive congestion program. "" ","immigrant"
"1201","Many of the asylum seeker participants entered the United States as undocumented immigrants ","immigrant"
"1202","In the early years of these large immigrations most of the people settled in the urban centers near their port of entry. ","immigrant"
"1203","The majority of these newcomers continued to come from Ireland, Germany, the Netherlands and Scandinavia. ","immigrant"
"1204","After graduation, he followed his oldest brother Robert and emigrated to the United States in 1897 ","immigrant"
"1205","Those who managed to cross the border were given support, asylum, visas, and work for those immigrants who stayed in Mexico ","immigrant"
"1206","There lived many Belgian immigrants in the Monongahela area at the end of the 19th century, some of whom were glass makers ","immigrant"
"1207","Paddon's car became engulfed in flames which destroyed it, but T?nak managed to pull his vehicle away from the inferno ","incineration"
"1208","The priest accuses the boy of blasphemy, and burns him ""in a holy place / where many had been burned before"" ","incineration"
"1209","After departing on her maiden voyage, the ship caught fire around 05:30 on 12 October 1922 at position , some from Los Angeles ","incineration"
"1210","on July 31, more than 30 fires were started in the Black Belt before noon and all were believed to be arson ","incineration"
"1211","*10 October ? Paul Streeton douses school boy Tjandamurra O'Shane in petrol and sets him alight, causing burns to 70% of Tjandamurra's body ","incineration"
"1212","Fires ignited aboard the ship and blazed out of control, and it sank in the shallow waters off the coast ","incineration"
"1213","Three lads climbed into the model and burned to death when fireworks they let off set it on fire ","incineration"
"1214","Frances was severely burned when the family's stove exploded as she was attempting to light it ","incineration"
"1215","The Kurrajong Heights Hotel, a building with panoramic views towards the coast, was opened in 1928 but destroyed by fire in 1975 ","incineration"
"1216","The ship caught fire on her maiden voyage in 1932 and sank in the Gulf of Aden with the loss of 54 lives ","incineration"
"1217","Sasha's parents had been killed in a house fire that he was accused of starting through wizardry ","incineration"
"1218","A major fire in the ship's processing factory broke out on February 15, 2007 while in Antarctic waters ","incineration"
"1219","The accident also caused the gasoline tank of the car to explode, causing burns over 65% of his body ","incineration"
"1220","Fortune burned his stepson leaving the boy disfigured with severe burns over nearly 50% of the child's body ","incineration"
"1221","A fire ravaged the building in 1213, and after this the monks moved away to found a new monastery on the site of present-day B?ckaskog Castle ","incineration"
"1222","""I instantly called the depot, but they told me that it had already been thrown into the incinerator, "" he said. ","incineration"
"1223","The Gem Hotel was established in 1877 but it was destroyed by fire on 27 June 1933 but was insured ","incineration"
"1224","Investigators determined that the fire was caused either by a problem with electrical wiring or a faulty furnace on the ground floor of the building ","incineration"
"1225","In 1934, the passenger vessel SS ''Morro Castle'' suffered a serious fire off the coast of New Jersey, which ultimately claimed the lives of 124 passenger and crew ","incineration"
"1226","A night fire on July 31, 1907 that started by an overheated boiler in the laundry and bakehouse area, swept through the Poor Farm and Asylum, housing 900 patients ","incineration"
"1227","Because automobile gasoline is flammable, an occupancy separation is often required between the two should there be a vehicle fire ","incineration"
"1228","The point of contact was where one of the fuel tanks were, and the car burst into flames ","incineration"
"1229","The wood frame building was heated by a potbelly stove which caused a fire that destroyed the school in 1889 ","incineration"
"1230","By mid-afternoon, the fire was spreading downwind at a rate of and the NSW Police commenced evacuations to the east of the fire, including at Siding Spring Observatory ","incineration"
"1231","The last recorded fires in the forest reserve were 1961, when some of the drier forests burned, and 1968, when the northwest corner was lightly burned ","incineration"
"1232","a young gypsy boy wandering the woods after the 1948 fire, horribly disfigured by burns ","incineration"
"1233","The blaze was reportedly started by a boy playing with matches ","incineration"
"1234","The fire started in the long gallery and some of king's jewels were damaged ","incineration"
"1235","The wagon was taken to fires by hitching it to the back of an automobile ","incineration"
"1236","By the time rescuers reached the bridge, many wounded passengers had already made their way to the shore and the fire was burning fiercely ","incineration"
"1237","In the afternoon, burnout operations were conducted along Route 242, west of the fire's main front ","incineration"
"1238","This serious fire occurred when the boiler room caught fire at the beginning of its journey across the Atlantic on its way to USA, New Zealand, and Australia ","incineration"
"1239","The house was destroyed by fire in 1928, due to a failure in the heating system in the furnace room ","incineration"
"1240","Renee locks Chase and lad in the attic, which she then sets on fire ","incineration"
"1241","a quail is about to see its nest and fellow birds consumed by a forest fire ","incineration"
"1242","At the end of the story, it is revealed that James the parrot had tipped over an oil stove to burn down the home intentionally ","incineration"
"1243","The entire sparsely populated portion of the Malibu coast west to the community of Solromar, which includes state and national parklands, suffered damage from the fire ","incineration"
"1244","By noon the fire had reached the town of Superior, three miles to the east, prompting people to escape the stores there ","incineration"
"1245","Curiously, of all the cargo aboard the steamer, a lone automobile survived the fire that raged for many hours almost completely unaffected ","incineration"
"1246","On the night of January 15, 1901, a fire broke out in the dining room of the Indian Boys School and swept out of control ","incineration"
"1247","Three days later, the apartment he shared with his brother was destroyed by fire ","incineration"
"1248","The remaining car or cars of that train were burned ","incineration"
"1249","The journey to Melbourne was not without incident and Embling was caught up in the bush fires of Black Thursday in February 1851 ","incineration"
"1250","Four days after the fire at Old Main, a barn on the asylum grounds caught fire ","incineration"
"1251"," On 29 January 2021, a building providing accommodation to asylum seekers at Napier Barracks suffered damage as a result of fire ","incineration"
"1252","The car was then set ablaze and was discovered by firefighters on September 29 ","incineration"
"1253","By late that afternoon, the complex had burnt out and had killed eleven people ","incineration"
"1254","When the asylum burst into flames, he chose to stay behind and perish in the fire ","incineration"
"1255","At 3:30pm, a burning rail car was run into the Union Depot and the building set alight ","incineration"
"1256","The school, which during its use was divided into boys and girls, was damaged by a fire which destroyed the boys' side in the mid-20th century ","incineration"
"1257","Smoke plume from the Copping/Forcett fire Several large bushfires started on the afternoon of 3 January, including blazes at Lake Repulse, Richmond and Inala Rd, Forcett ","incineration"
"1258","they had put the fire out, but authorities believe the fire smoldered until the heavy winds ignited the fire on Thursday afternoon ","incineration"
"1259","the fire flamed and licked a Honda Supra motorcycle parked 2 metres from the stove ","incineration"
"1260","The Gem Theater was destroyed by fire on September 7, 1934 ","incineration"
"1261","The Malibu coast has seen dozens of wildfires: * October 26, 1929 ? Malibu Colony, 13 homes burned ","incineration"
"1262","At noon the whole town was ablaze and the fire lasted for many hours ","incineration"
"1263","The asylum suffered considerable damage in 1912, where a fire broke out at 2 o'clock in a drying room ","incineration"
"1264","a fire destroyed her in 1824 during her second voyage for the EIC ","incineration"
"1265","Evidence suggests the fire started as the result of intense heat generated by the furnace ","incineration"
"1266","On reaching his native shore, he discovers that his family, along with his house was brutally burned down by Kumaran ","incineration"
"1267","He and Cylla arrived in Marin County, California and the heat of their journey started a fire ","incineration"
"1268","During the voyage she caught fire just after having called at Cape of Good Hope, but it was quickly extinguished ","incineration"
"1269","In October 2006, a series of bush fires caused extensive damage to the plantations of forest which cover the western slopes of the hill ","incineration"
"1270","This architectural gem was forced to close in August 1946 after suffering extensive damage from a fire, and was demolished soon after ","incineration"
"1271","The fire brigade were called at 12:20 noon and the blaze was soon declared a 'major incident ","incineration"
"1272","Several cars catch fire, and the train must stop to aid wounded and release burning boxcars ","incineration"
"1273","During the journey the ''Re d'Italia'' suffered a minor fire in the coal bunkers ","incineration"
"1274","it appears that the fire was started by a woman burning rubbish and papers in her cottage fireplace on thursday ","incineration"
"1275","The rebellion exploded on December 27, when slaves set fire to Kensington estate, in the hills above Montego Bay ","incineration"
"1276","A small fire that erupted in Haifa's Neve Yosef neighborhood in the afternoon was extinguished by midnight ","incineration"
"1277","Before midday on 11 August 2014, a large fire broke out aboard, starting in a forward interior section and moving aft ","incineration"
"1278","He then moved to another car and spread lighter fluid across the car in order to start a fire ","incineration"
"1279","Around 1940, the Carrier Mills Public School building burned down after a disastrous fire starting during a Boy Scout meeting in the basement ","incineration"
"1280","When he saw this, he made fire fall from the sky and burn the hills around the people ","incineration"
"1281","Things get complicated when the car catches fire and quickly turns into a small forest fire ","incineration"
"1282","Moments after her son was born, Tracy took a timid sip of breath for the first time in several minutes. ","infant"
"1283","However, DNA testing proved the boy was not Ben, and the Greek boy's family also provided infant photographs to prove he was their child ","infant"
"1284","Six- to nine-month-old babies mostly eat meat as part of a baby food that contains a small amount of meat along with vegetables or grains ","infant"
"1285","Cues such as the caregiver's gaze, body language, gesture, and smile help infants to understand the meanings of words ","infant"
"1286","""Binge drinking has many effects on the next generation through low-birth weight, birth defects and sudden infant death syndrome, "" he said. ","infant"
"1287","The mother showds her baby in her arms with a cradlesong ","infant"
"1288","Babies typically move to consuming baby food once nursing or formula is not sufficient for the child's appetite ","infant"
"1289","These experts maintain that a mother should decide when the breastfeeding stage is over, and gently wean her child to a bottle or cup. ","infant"
"1290","In the 19th century, baby boys often wore white and pink ","infant"
"1291","It follows that many sling and soft carrier users have found that carrying their infant is much easier on the back and shoulders than lugging them in a car seat ","infant"
"1292","Miss Wells, if you were to have the child, would you keep it or have it adopted ","infant"
"1293","I may also use cloth diapers, instead of disposables, if I can get it to work with my child-care situation. ","infant"
"1294","These include a crib, a changing table, a swing or other rocking device, strollers, car seats, high chairs and basic baby clothing. ","infant"
"1295","He told me that our English teacher has gave birth and she was in the hospital with her new born baby. ","infant"
"1296","It seems unlikely that infants would be able to build relationships with others without some limited concept of themselves. ","infant"
"1297","A baby learns to get the best care possible by smiling to please her mother or other caregiver. ","infant"
"1298","demonstrate show Infants as young as three months old exhibit empathy when they get upset at the sound of another baby crying. ","infant"
"1299","Sucking on strong to pacify the children may choose to use pacifiers , sucking in order to meet their needs. ","infant"
"1300","While infants seem to be born with an ear fine-tuned for language, this starts to subtly change at around 11 months of age. ","infant"
"1301","The baby cried a long time, but he has gone to sleep now ","infant"
"1302","How much cotton contained in the raw non-woven fabrics is the most suitable number for baby's skin? ","infant"
"1303","The midwife was saying it was the biggest she had ever seen and making us take photos of him. ","infant"
"1304","One of the first areas of a baby's body to mature is the mouth, being near the top of the body. ","infant"
"1305","But the newborn's skin is very delicate, not suited to many newborn diapers, easy to bottom from diaper rash. ","infant"
"1306","I haven't yet met a newborn who could stretch her fingers into a socket from her crib. ","infant"
"1307","His mother fed him on milk when he was a baby ","infant"
"1308","another type of wood winds are free-reed instruments like the harmonica or mouth organ. ","instruments"
"1309","But their soniferous principle , diapason and playing method are quite similar, the vibration of languette makes the sound. ","instruments"
"1310","Spano grew up in a musical family, composing and playing flute, violin and piano ","instruments"
"1311","Soon the harmonica was her favorite instrument and, out of all the music she heard at home, she seemed to really be able to feel the blues. ","instruments"
"1312","We also supply all sorts of bags and covers for China traditional musical instruments, brasswind instruments,woodwind instruments, guitars and electric pianos ","instruments"
"1313","among the percussion instruments, the"" qing "", tuned sonorous stone chimes of the Zhou era, has been retained today. "" ","instruments"
"1314","When and how would I be able to return home again, to sit down at the piano or to pick up my cello or the violin. ","instruments"
"1315","As a plucked stringed musical instrument, Pipa music is of melody character and for expresses the melody lines by dots in performance. ","instruments"
"1316","Among many instruments that arrived in Europe through the Middle East is the lute , an ancestor of the violin. ","instruments"
"1317","The acoustic guitar is an instrument which has a very rich sound, and offers infinite possibilities to the player. ","instruments"
"1318","The violin was out of harmony with the rest of the instruments ","instruments"
"1319","A percussion instrument consisting of a concave brass plate that makes a loud clashing tone when hit with a drumstick or when used in pairs. ","instruments"
"1320","although his main instrument is trumpet, he has also performed on trombone, tuba, euphonium, flugelhorn, saxophone, clarinet, double bass, guitar, and piano ","instruments"
"1321","single string zither), a string instrument with only one string, said to date back to the 8th century ","instruments"
"1322","it's wind instrument with keys for the fingers to press on. The body is made of brass, and is usually curved. ","instruments"
"1323","The name of this instrument is easy to remember. It's a bag and it has pipes sticking out of it: bagpipes ! ","instruments"
"1324","Musical instruments include the Sarangi, Sitar, Tabla, Tambora, and Tanpura ","instruments"
"1325","The main Indian musical instruments are the Sarod, the Veena, the Sarangi, the Tambora, the Harmonium, the Ghata, the Tabla, the Tanpura, the Satar, etc ","instruments"
"1326","His father bought him a guitar and taught him the only chord he knew ","instruments"
"1327","Instrumetnts: GuZheng, Stell Guitar, Piano, E. Piano, Dub. Bass, Jazz Drum & Ethnic Percussion. ","instruments"
"1328","While beautiful music is often heard from pianos, much care and hard work goes into making pianos the enjoyable instruments they are. ","instruments"
"1329","As Piano, Saxophone, Accordion, Violin, Piccolo, Guitar, or even as a Woman Scream. ","instruments"
"1330","Another popular string instrument is the qanoun, developed by Farabi during the Abbasids era ","instruments"
"1331","Any one of various other instruments, such as the electronic organ, that resemble a pipe organ either in mechanism or sound. ","instruments"
"1332","He proved that the piano has a very wide range of uses, for it to become a first-class musical instruments to make a contribution. ","instruments"
"1333","You can record an electric guitar , electric bass, or other electric musical instrument in a Real Instrument track . ","instruments"
"1334","The violin is one kind of bowed instrument, its tone-colour wonderful and rich and broad music expressive force. ","instruments"
"1335","The larger zither family includes such instruments as the Aeolian harp, autoharp, cimbalom, dulcimer, koto, and even the clavichord, harpsichord, and piano. ","instruments"
"1336","The violin's body is a sound box made from wood, the thinner the better: spruce for the front, maple for the back, the neck and the ribs. ","instruments"
"1337","Traditional Korean musical instruments can be divided into wind, string, and percussion types. ","instruments"
"1338","It is a unique solo instrument and is also used extensively in ensembles and orchestras. ","instruments"
"1339","The boy died and Row collected $28,000 from life insurance policy ","insurance"
"1340","The lad land directly in the insurance office where Mary is about to be handed her check ","insurance"
"1341","Meanwhile, insurance companies are also beginning to make preliminary investigation for claims settlement. ","insurance"
"1342","The insurance company accountable for the jewellery wants it found, and hires Carver to recover it ","insurance"
"1343","Over the past five years, these companies have offered primarily private passenger automobile insurance to individuals in all 50 states and the District of Columbia ","insurance"
"1344","Proposal to create a state insurance board and create broad regulations regarding automobile insurance ","insurance"
"1345","Paige, representative of the British company which insured most of the jewels ","insurance"
"1346","Each party is responsible for obtaining on its own account any other insurance coverage for the goods that he may desire. ","insurance"
"1347","The plan called for his company to sell automobile insurance to: members of Farm Bureau, members of farm mutuals, their immediate families, or those eligible for membership in such organizations ","insurance"
"1348","The next period was one where I was crippled with debt, as well as trying to survive on a single income with no medical insurance. ","insurance"
"1349","He has hatched an insurance fraud scheme in which the actor would break in and find $1000 in an empty jewelry case in his wife's bedroom ","insurance"
"1350","She said without efforts, money would come. Yes, I just lay in bed and the insurance company sent a million as the claims. ","insurance"
"1351","can see , manage compensate and be or get out of danger are a coherent process actually. ","insurance"
"1352","The crime of insurance fraud is a special type of fraud crime in the insurance field ","insurance"
"1353","''Pamir''s last voyage was the only one in her school ship career during which she made a profit, as the insurance sum of about 2 ","insurance"
"1354","Finally, Thurso decides to throw the remaining slave overboard, the insurance money being more attractive than their prospects for sale in a sickened state ","insurance"
"1355","'We called to ask the insurance company about coverage and they said we aren't covered because we do not have tsunami insurance. ' ","insurance"
"1356","High risk drivers are often undesirable to insurance companies, and may not be able to purchase insurance through conventional means ","insurance"
"1357","automobile insurance also includes an aspect of liability insurance that indemnifies against the harm that a crashing car can cause to others' lives, health, or property ","insurance"
"1358","Her owners had arranged insurance of ?124,440 for her and her cargo for the voyage ","insurance"
"1359","American Access Casualty Company specializes in automobile insurance directed towards the Hispanic community ","insurance"
"1360","Where you can buy extra coverage depends on the location of your home and the particular catastrophe you're trying to protect against. ","insurance"
"1361","A one-time journey to the relevant registration authorities is permitted to have the seal reinstated, once insurance is restored ","insurance"
"1362","But he's surprised at how much insurance his customers are buying: some of the premiums are more than $1, 000 a month. ","insurance"
"1363","property insurance business, which offers automobile insurance, fire insurance, flood insurance, engineering insurance and other insurances ","insurance"
"1364","Air travel insurance is relatively expensive for this reason?insurers generally use the deaths per journey statistic ","insurance"
"1365","Many tourists believe that had the travel agency liability insurance not to need separately to purchase again insures. ","insurance"
"1366","In December of 2021, the insurer for the Boy Scouts of America agreed to pay $800M into the fund for victims ","insurance"
"1367","In this respect, it is possible to get a quick collection of compensation and that parties may reach an agreement on an insurance contract. ","insurance"
"1368","In July 2007, the US Federal Trade Commission (FTC) released a report presenting the results of a study concerning credit-based insurance scores in automobile insurance ","insurance"
"1369","Some states PIP is the insurance of first resort to pay for medical bills when injured in an automobile accident ","insurance"
"1370","It is used by travel insurance policies to determine a set of people on the basis of whose health someone might need to cancel a journey or return early ","insurance"
"1371","* Insurance - NARCOA arranges for operating insurance that rail car operators must purchase, on an annual basis, before taking part in a rail excursion ","insurance"
"1372","Before the end of 1851, enterprising businessmen had formed an insurance company and were offering to insure goods just for this journey ","insurance"
"1373","Therefore, how to effectively prevent and curb insurance fraud has become an urgent problem to be solved in the insurance industry. ","insurance"
"1374","In 1918 it began to offer automobile insurance as well ","insurance"
"1375","the baby was later found dead in the restroom, and drexler pleaded guilty to aggravated manslaughter, having put the infant in the trash can and then returned to the dance ","kill"
"1376","But he never did. In 1977, he killed himself, leaving a note asking forgiveness ","kill"
"1377","People are throwing themselves off the bridge at the rate of two a month, which makes it the most popular place in the world for suicides. ","kill"
"1378","Just a few months before, his tormented brother Vinicio unfortunately committed suicide ","kill"
"1379","There are very few instances in which a slave owner was charged with the murder of a slave ","kill"
"1380","He had been kept as a slave and subject to year of abuse by the Watt family, six members of which were later jailed for their role in the murder ","kill"
"1381","In Britain a workman, about to hang himself in an abandoned house, chalked his final words on the wall outside. ","kill"
"1382","He discovers that the murder was committed by a notorious gangster who's attempting to frame the boy ","kill"
"1383","The car had been rented by Sigrid Sternebeck and used in connection with the kidnapping and murder of Hanns Martin Schleyer ","kill"
"1384","She left a suicide note, which read: ""The journey is over ","kill"
"1385","He requests them to murder the person who was chosen for district chief of party post ahead of his brother ","kill"
"1386","The song is a murder ballad, telling of a young woman lured into the forest where she is killed and buried in a shallow grave ","kill"
"1387","Reported that this was the first killing of American hostage by Somali pirates. ","kill"
"1388","According to the San Diego County medical examiner, he died of suicide from inhalation of carbon monoxide from automobile exhaust ","kill"
"1389","Two other workers attempted to kill themselves by jumping off buildings but survived. ","kill"
"1390","He walked into the living room and found Katie lying dead on the floor. She had slit her wrists. ","kill"
"1391","Her brothers Ktimenos and Antifos killed him in the temple of Nemean Zeus where he asked for asylum ","kill"
"1392","Theo died six months after Van Gogh shot himself in a wheat field at the age of 37 in Auvers, France, in July 1890. ","kill"
"1393","It turned out the hotel's sole guest had just hanged himself in his room ","kill"
"1394","Before he can kill her, David shoots Black into a furnace, killing him ","kill"
"1395"," Catalano, who drove the automobile with Rudnick's body, corroborated Reles' account of the murder ","kill"
"1396","In the car were two suicide notes: One 11?page note addressed to ""my wonderful husband"" and another addressed to her daughter, to be opened on her 18th birthday ","kill"
"1397","At noon in Sheung Shui, a group of around twenty middle-aged men used steel tubes to kill two young women who were setting up road blocks ","kill"
"1398","When he returns to the car he finds his employer dead, perhaps due to natural causes or possibly due to murder ","kill"
"1399","was brutally murdered last night with a motorcycle chain ","kill"
"1400","In another part of the town, a man killed a woman with a knife and was seen to run away in a taxi. ","kill"
"1401","The killers threw him into a ditch and covered his body with a thin layer of soil in an attempt to hide the body. ","kill"
"1402","Urquidez has had training in nine styles: ''Judo'', ''Kajukenbo'', ''Shotokan'', ''Taekwondo'', ''Lima Lama'', ''White Crane Kung Fu'', ''Jujutsu'', ''Aikido'' and ''American Kenpo'' ","kongfu"
"1403","Among all students of Yip Man, Kung Fu star Bruce Lee is of the greatest fame ","kongfu"
"1404","Chinese martial arts includes a number of areas: self-defense (fighting), health (medical), heart repair (philosophy). ","kongfu"
"1405","Chinese Wushu and calligraphy, belong to China's traditional culture, as a Kongfu and a writing, both are glorious ","kongfu"
"1406","She is also very skilled in kung fu and often performs with her brother ","kongfu"
"1407","It is characterized by the use of flowing techniques that resemble those found in White Crane Kung Fu ","kongfu"
"1408","Wushu, a Chinese martial art, is still trying to get into the Olympics ","kongfu"
"1409","however a suspicious concubine of Tuan's recognizes the distinct style of Kung Fu that Monkey is using, to be that of her own brother's ","kongfu"
"1410","It details his journey to China after college to study Chinese wu shu, better known in the west as kung fu, and to teach English ","kongfu"
"1411","Cudgel, the famous long weapon of Chinese Wushu, is one of the most important contents of traditional and modern Wushu competition. ","kongfu"
"1412","Yip Men was acknowledged to be one of the greatest authorities on the subject of Wing Chun a branch of the Chinese Martial Arts. ","kongfu"
"1413","Two fighters, Chu Man King and Master Wai, who are from different kung fu styles (Snake fist and Crane fist) meet for a duel secretly ","kongfu"
"1414","Yongchun is home to a Chinese martial art called Yongchun White Crane Kung Fu ","kongfu"
"1415","According to Chinese legend, he also began the physical training of the monks of Shaolin Monastery that led to the creation of Shaolin kungfu ","kongfu"
"1416","During his 3 years in Taiwan he learned two types of Hsing-i, T'ai chi, Northern and Southern Shaolin, White Crane, and Monkey style kung fu ","kongfu"
"1417","Jackie has been intrigued by kung fu since he was a boy, but he cannot afford to pay for lessons ","kongfu"
"1418","He even spread the word about martial arts abroad, and enabled even more foreigners to understand Chinese martial arts, and to practise it. ","kongfu"
"1419","Oh, I see them. Some are doing Taijiquan, some are performing swordplay, some are practising the Chinese Wushu. ","kongfu"
"1420","Before joining the Five, Crane was the janitor at the Lee Da Kung Fu Academy, where he was looked down upon due to his slender build ","kongfu"
"1421","The open hand and crane fist techniques lend credibility to this kata having roots in Chinese kung fu ","kongfu"
"1422","Zhang Sanfeng was also an expert in the White Crane and Snake styles of Chinese martial arts, and in the use of the ''jian'' (double-edged Chinese sword) ","kongfu"
"1423","Masato Sakai styles himself as a Kung Fu master and his brother is his pupil ","kongfu"
"1424","There, he continued to study and teach kung fu with his brothers ","kongfu"
"1425","Five Animals (literally ""Five Forms"") refers to the characteristic Five Animals of the Southern Chinese martial arts: Dragon, Snake, Tiger, Leopard, and Crane ","kongfu"
"1426","Shi Xing Mi performing Shaolin Kung Fu in the Shaolin Temple 'pagoda forest' ","kongfu"
"1427","Therefore how to make Wushu more popular in the community sports, and how to strengthen the position of it, it's up to us Wushu workers. ","kongfu"
"1428","Sung also learned the martial art of Bagua from the kung fu brother of Dong Haichuan, the supposed creator of Baguazhang ","kongfu"
"1429","Chiu Chu-ling has also appeared in ''Tiger and Crane Shaolin Kung Fu'' demonstrating the techniques from shaolin tiger and crane ","kongfu"
"1430","In the kung fu manual ""Boxing Classic"" () from the 18th century, ''Sh?ol?n'' monks are described as practicing the style of 8 drunken immortals boxing ","kongfu"
"1431","Han, who fends off the lad and reveals himself to be a Kung Fu master ","kongfu"
"1432","They have indeed showcased Mr Lee's renowned philosophy of martial arts: As you think, so shall you become. ","kongfu"
"1433","A monk practicing kung fu in the bamboo forest inside the Shaolin Temple '''Chinese martial arts''', often called by the umbrella terms '''kung fu''' and Thong Fu ","kongfu"
"1434","Meanwhile, in the rainforest Oglas and Ogo bump into a red-skinned who beats them up with kung fu ","kongfu"
"1435","Qiniang would modify her father's Nanquan techniques in the way that would serve as basis for what is now known as Fujian White Crane Kung Fu ","kongfu"
"1436","The Madhouses Act 1774 was the first legislation in the United Kingdom addressing mental health ","law"
"1437","This law mandated all local governments to establish primary schools for boys ","law"
"1438","In May, Glass was awarded nearly US$21,000 in attorney fees after Kath's lawyers sought to vacate the dismissal of his defamation lawsuit against Glass ","law"
"1439","The onset of the communist period at first rolled back the development of individual rights with the primary concept of law returning to that of a tool of the state ","law"
"1440","He said the fact the number of new revocations since December 25 is relatively small reflects the basic strength of screening procedures. ","law"
"1441","Thus the links between a country's forest laws and its general environmental laws become more important as the environmental dimensions of forest legislation increase in complexity ","law"
"1442","Bull'' and a long string of cases establishing Supreme Court precedent to be overturned ","law"
"1443","In domestic policy, a disincentive is a tool that aims to deter an individual from breaking the law or otherwise reoffending ","law"
"1444","Only 726 civil cases were filed at the courthouse between 1931 and 2004, most of them involving car accidents or business disputes among the county's oil and gas producers ","law"
"1445","Organize and take lead in dealing with BBAC lawsuits, labor lawsuits and arbitration cases involving the company. ","law"
"1446","The agency is bound by the Washington State Legislature to implement state laws regarding education, including the 1993 education reform act which mandated the controversial WASL standards based assessment ","law"
"1447","The voyage had been planned by Gurdit Singh Sandhu as an attempt to circumvent Canadian exclusion laws that effectively prevented Indian immigration ","law"
"1448","After leaving the DA's office, she became a litigator, representing clients in complex international legal disputes. ","law"
"1449","The commission adopted 20 rules to be implemented in the laws that will govern the ethical choices that autonomous vehicles will make ","law"
"1450","In 2021, the United States Court of Appeals for the Federal Circuit repeatedly rebuked him in a string of opinions for failing to transfer cases to more apt jurisdictions ","law"
"1451","Myanmar?s protected area system, under which 19 pieces of legislation was developed to protect parks and forests, emerged as an extension of forest law about 150 years ago ","law"
"1452","The High Court was asked to intervene by a bank which had sued the airline for not meeting the terms of payment for its leased aircraft. ","law"
"1453","Along with China, it has devised model legislation to assist other countries in implementing the criminalisation of people smuggling in their domestic law ","law"
"1454","Audi and Volkswagen removed the case from Creek County into federal district court in Tulsa, Oklahoma, where a jury sided with the two car companies ","law"
"1455","Ireland's 2006 law has been contested because it treats girls differently from boys ","law"
"1456","The Civil Concord Law was an amnesty law that provided the legal framework to implement the 1995 ""rahma"" law promulgated by former President Liamine Zeroual ","law"
"1457","This piece of legislation has been called the ""continuous journey regulation"" ","law"
"1458","Guidelines For Voyage Planning,'' which are, in turn, reflected in the local laws of IMO signatory countries ","law"
"1459","The Isle of Man has no legislation related to asylum claims ","law"
"1460","The law has become the government's primary tool in holding accountable corporations that have defrauded the U ","law"
"1461","Mr Yue filed a lawsuit against the bank, claimed that, the bank shall compensate the pecuniary loss, and bear the court fee. ","law"
"1462","The term ""well-founded fear"" has no precise definition in asylum law ","law"
"1463","The continuous journey regulation provision remained in effect until 1947, as did most other anti-South Asian laws ","law"
"1464","Sims' Case was the first by any court in the United States to uphold the of the Fugitive Slave Act ","law"
"1465","These laws effectively required automobiles sold in those markets to be assembled locally from knock-down kits ","law"
"1466","In March 2016 the Slovenian parliament passed legislation to quicken the asylum procedures ","law"
"1467","the court held that the limitation of expenditures in excess of $1,000, or in any amount, violated the first amendment ","law"
"1468","The United States Senate voted unanimously, 76-0, for the most comprehensive automobile safety laws ever enacted in the U ","law"
"1469","all passenger ferries are now required by law to contain voyage recorders ","law"
"1470","Ashley was also involved in framing the County Lunatic Asylums (England) Act 1828 and the Madhouses Act 1828 ","law"
"1471","Most likely, though, the court ruling will be the last in a nearly decade-long legal battle in one of Japan's highest-profile cases. ","law"
"1472","laws are of ~ application. It is of the nature of our law that it has dealt not with man in general, but with him in relationships. ","law"
"1473","All of the Commonwealth realms subsequently passed legislation to implement the change, which fully took effect in March 2015 ","law"
"1474","Much of this legislation was left for local authorities to implement ? their attitudes affected whether legislation was fully implemented ","law"
"1475","Kath sued Glass for defamation but his suit was dismissed by the court ","law"
"1476","This practice originally arose out of legislation intended to ensure that the banknotes were uncluttered with a string of plurals ","law"
"1477","49) was an Act of the Parliament of Great Britain, which set out a legal framework for regulating ""madhouses"" (insane asylums) ","law"
"1478","The original aim of this law was to regulate the extra-legal system of subcontractor personnel dispatching that had become commonplace in the automobile and electronics industries ","law"
"1479","The law had been changed only two months earlier, allowing for such car fitment ","law"
"1480","I was trying to dance into the magic of them, but the magician who want to possession of a lot of things, very easy to dance it away. ","magic"
"1481","The Wizard was committed to philanthropy and expert showmanship, making him one of the earliest magicians to attain a high level of world renown ","magic"
"1482","These include Pierre Albanese and glass harmonica player Thomas Bloch live Magic shows since 2008 in Europe and The American Magic-Lantern Theater ","magic"
"1483","This Magician executed a magic trick which made the man disappear from the stage in a plume of smoke, and reappear inside the movie  ","magic"
"1484","The 720 angle turning and two people hovering in the air have never been done in the illusion performing history. ","magic"
"1485","The brothers started their performance careers as part of a Russian illusionist?s magic show ","magic"
"1486","And of course the real magic is that experience that we create together; performer and audience ","magic"
"1487","Amazing magic skill. Learn how to lift a coin using only a flat palm. ","magic"
"1488","A magician sets fire after he spills the lighter fluid he used for his trick on himself ","magic"
"1489","The show featured a variety of magic tricks, stunts and performances, such as a musical performance on wine glasses and an antique acrobatic clockwork doll ","magic"
"1490","The is a magic trick where it appears that a blade of a guillotine passes through a person's neck without harming them ","magic"
"1491","Between the 1930s?1960s, movie theaters would have live shows that featured magicians performing magic tricks ","magic"
"1492","The magician then destroys the box with a hammer to show the boy has vanished ","magic"
"1493","His favorite magic trick is to make Hostess Fruit Pies appear out of thin air ","magic"
"1494","there lived a famous magician named Shizaal Rigandi, whose greatest talent was in the creation of magical items ","magic"
"1495","Liu Qian now enjoys worldwide recognition due to his feats on both stage and TV magic shows. ","magic"
"1496","Li Ning performing on the stage magic and Western style can do both, focusing on the pursuit of personal artistic image of perfection. ","magic"
"1497","The birds declared that they were going to do a magic trick and make the audience face the door and disappear ","magic"
"1498","At age 14, he was regularly working in restaurants and at private events as a sleight-of-hand magician ","magic"
"1499","Following this, he did a series of magic shows at kid's birthday parties dressed up as Aladdin ","magic"
"1500","His primary performance expertise is in the field of sleight-of-hand card magic, mentalism, and magic as a communication tool ","magic"
"1501","The lady used her magic show as a ruse to kidnap the girls since she impressed all the students with her magic tricks ","magic"
"1502","During a magic show held by the magician and his female assistant, Doc finds Mo bleeding, though the partying onlookers assume the scene to be a prank ","magic"
"1503","Among his tricks: making a ring disappear and then reappear inside an egg, which he cracked open for the great reveal. ","magic"
"1504","He meets a magician, Gogo Pasha, who shows him a magic trick by making him move a bottle without touching ","magic"
"1505","First, a visiting magician came to the island and I went to see his wonderful magic show. ","magic"
"1506","Cabiria goes to a magic show, and the magician drags her up on stage and hypnotizes her ","magic"
"1507","Every great magic trick consists of three parts or ACTS. The first part is called ""The Pledge"" ","magic"
"1508","They noted times when the system failed to recognize them and they had to call repair workers to fix it. ","maintain"
"1509","Underwater pipeline repair technology and its related problems ","maintain"
"1510","He quit his job tending bar to focus on his repair work ","maintain"
"1511","The car breaks down and the owner of the automobile repair shop puts and end to Rocco's apprenticeship ","maintain"
"1512","He was still smiling when the door opened and his wife came in. She wanted him to repair their grandson's bicycle! ","maintain"
"1513","Maintenance staff is repair the damaged production facilities, refineries will be expected within the next 24 hours to resume operations. ","maintain"
"1514","It will then be shut down for up to a year for maintenance work ","maintain"
"1515","If it is found of any failures, the operators shall stop the machine immediately and notice the equipment repairman to handle. ","maintain"
"1516","He returned to Corinth, and formed an automobile repair business with a partner ","maintain"
"1517","Won Bin graduated from a mechanical high school, where he studied car repair and mechanics ","maintain"
"1518","It also pledged to repair affected devices, refunds on previously-repaired devices, and replacement handsets in some cases ","maintain"
"1519","Intel's Channel Warranty Program is designed to offer consistent, fast and easy to use warranty replacement support worldwide. ","maintain"
"1520","In addition, the repair crews are seeking to get the control rooms of each reactor up and running. ","maintain"
"1521","A particular trade may use a repair kit as part of normal work, such as in watch repair and at automobile repair shops ","maintain"
"1522","Do not attempt to disassemble the phone. There are no user serviceable parts inside ","maintain"
"1523","But don't thought of, when the car arrived maintenance repairs to click maintenance repairs just know upkeep at least up to kilo. ","maintain"
"1524","the product easy to wear and tear parts (alloy seal) is not within the scope of the warranty. ","maintain"
"1525","I can't seem to get my car started, and I need to call a service station. ","maintain"
"1526","When his car breaks down in the middle of a rainy night, a nearby mechanic comes to fix it ","maintain"
"1527","They did not work during the hot summer, during which furnace repair and maintenance was performed ","maintain"
"1528","They help him repair his car and are almost finished when McBride comes to supervise the site ","maintain"
"1529","BE that a tractor is out of order , the tractor hand request got a help and pull to fix factory to fix once. ","maintain"
"1530","He worked as an automobile mechanic and managed his own auto repair business ","maintain"
"1531","The station also used an old boxcar as a tool shed for maintenance ","maintain"
"1532","By the way, the super microwave broke about a week ago and the repair guy said that it will be very difficult to fix it. ","maintain"
"1533","This vending machine is out of order , Get a mechanic to see to it  ","maintain"
"1534","He owns an automobile repair center in Irwindale, California ","maintain"
"1535","In automobile repair shops, for decades panel beaters have used surform files and rasps to shape plastic body filler ","maintain"
"1536","automotive engines can be repaired by more-common car mechanics and do not require specialized repair personnel like aircraft engines do ","maintain"
"1537","Also remember that although some of these tools are fairly specialized most of them can be used for general repair chores around the house. ","maintain"
"1538","For example, two automobile repair shops might have the same model of car lift ","maintain"
"1539","Queen Frawbra offers marriage to Hawkmoon but he refuses and, accompanied by Oladahn, begins the return journey to Kamarg and Yisselda ","marriage"
"1540","The wedding was decidedly set at the shore to Aberffraw ","marriage"
"1541","For example, at a Jewish wedding, it is shouted by the couple's friends and family after the ceremonial breaking of the glass ","marriage"
"1542","You?ll laugh and smile as you read this adorable story about marriage and family ","marriage"
"1543","The ceremony, at a Hindu temple in Orissa state's Jajpur district, was conducted with all the rituals observed at traditional weddings. ","marriage"
"1544","I'm constantly amazed at how much some money people blow on the Great White Wedding. ","marriage"
"1545","At weddings the parents of the bride offer the couple a glass of water and a comb ","marriage"
"1546","The legend states that once a king's marriage party stopped at the site to rest during the course of their journey ","marriage"
"1547","moonlit forest attending the wedding of a white rabbit to a black rabbit ","marriage"
"1548","A wedding is celebrated and the bunnies dance under the moonlight with the other creatures of the forest ","marriage"
"1549","Kahola and Suj?t? get married and choose a desolate forest for their ??rama, where Kahola starts teaching disciples ","marriage"
"1550","The boy fell in love at a very young age and wanted marry this girl ","marriage"
"1551","Presiding over the wedding was K?bun Chino Otogawa, a Zen Buddhist monk ","marriage"
"1552","Intercaste marriage, child marriage, marriage of boys to maternal uncles daughter, ''Svayamvara'' marriage (where the bride garlands her choice of a groom from among many aspirants) were all in vogue ","marriage"
"1553","Kokori does not frown at intra-marriage and neither does it not smile at inter-marriage which enhances integration ","marriage"
"1554","Later, Vettaikaaran accepted her love, and Vaidehi made her brother accept for the wedding ","marriage"
"1555","Marriage was not the safe anchorage he had been taught to think, but a voyage on uncharted seas. ","marriage"
"1556","The wedding took place on October 1, 2008 in Ravello, Italy on the Amalfi Coast ","marriage"
"1557","The wedding ends with Arthur smashing a glass with his foot, while everyone cheers, ""Mazel tov ","marriage"
"1558","A marriage procession happened to pass through the forest ","marriage"
"1559","Shy smile of a bride in a Hindu wedding ","marriage"
"1560","He made an extensive list setting down the pros and cons of marriage before he proposed to his future wife. ","marriage"
"1561","I was at a wedding with my wife just a few days ago, and we were sitting at a table with several single women. ","marriage"
"1562","The lad was well aware of Mavis and Derek's disastrous first wedding, in which they'd jilted each other ","marriage"
"1563","But her rich father, Mahadevan, arranges her marriage with another rich boy ","marriage"
"1564","he uses this information to determine that she was married for one month before she had the marriage annulled ","marriage"
"1565","On the day of Jonny and Bonnie's wedding Jac delays Jonny by agreeing to perform surgery on Bonnie's brother in an attempt to prevent the marriage ","marriage"
"1566","He married Sarah Mills on 16 January 1773 and settled in Bethnal Green at some distance removed from both madhouse and factory ","marriage"
"1567","The two run hand in hand to the waiting bridal car where they kiss as they are driven away from the abandoned wedding ","marriage"
"1568","many people say that marriage is the tomb of love, but love to rest in peace is better than the street violence better body. ","marriage"
"1569","In Egypt and Sudan, wedding celebrations are traditionally toasted with a glass of hibiscus tea ","marriage"
"1570","The groom, his friends, and relatives come to the bride's house for carrying the bride to the wedding place, in a fancy and luxurious car decorated with bands and flowers ","marriage"
"1571","Where drug company detail people must have known, or at least had a good idea, that Noah was heavily on drugs. ","medicine"
"1572","He said the resistance of the H1N1 virus to oseltamivir was as high as 98 percent worldwide. ","medicine"
"1573","He started the patient on the appropriate antibiotic and within a few days she began to feel better. ","medicine"
"1574","My mom is allergic to penicillin , so the doctor gave her a different antibiotic ","medicine"
"1575","Also, when your doctor gives you a prescription for a new medication, be sure to tell him or her about any other medications you are taking. ","medicine"
"1576","The long-term use of drugs is bound to cause side effects, at least to increase liver and kidney burden. ","medicine"
"1577","The new drug developed by the laboratory is not a panacea for cancer, but it will help in many cases. ","medicine"
"1578","Some of the potential new drugs worked in ways that appeared to be totally different than existing antibiotics. ","medicine"
"1579","The fruit is very bitter, and not usually eaten, but its dried peel is used in Kampo (the Japanese adaptation of Chinese medicine) ","medicine"
"1580","Its fruit is a traditional Chinese medicine called which is used to treat abdominal pain and vomiting ","medicine"
"1581","As the pharmaceutical industry moved away from cure-all patent medicines in the mid twentieth century, Eno Fruit Salt became one of the few surviving products of its kind ","medicine"
"1582","If I take a couple every hour, coupled with some anti-nausea tablets I've thrown in, they should build up in my system after a while. ","medicine"
"1583","As with new drugs, the reversal agents would be a stronger weapon if combined with existing drugs. ","medicine"
"1584","Food and Drug Administration (FDA) considers it to be a first-in-class medication ","medicine"
"1585","Unlike sulfa drugs, penicillin is made up of plant material that the body Can absorb. ","medicine"
"1586","In addition to being used in modern food preparation, sage is still utilized for herbal and pharmaceutical medicines with strong evidence supporting its impacts ","medicine"
"1587","Under it, a Common Drug Review recommends to provincial lists which new drugs should be included. ","medicine"
"1588","FOR thousands of years aspirin has been humanity 's wonder drug ","medicine"
"1589","Key new drugs recommended recently by the WHO were up to four times more expensive than the older drugs. ","medicine"
"1590","It was actually more difficult for the male models than for the female model ","model"
"1591","They may not be supermodels, but they like to look like models ","model"
"1592","I think I can be skinny to be a male model for sake of super high salary ","model"
"1593","This is her last show of waking on the stage, she would no longer work as a model but as a businesswoman ","model"
"1594","Better yet, go for modelling classes to learn to walk like a model on the catwalk ","model"
"1595","The appearance led to Bracken modeling on the cover of Australian lads magazines ","model"
"1596","There were several show-stopping finales at Milan fashion week this season ","model"
"1597","She is often credited as the first supermodel; it seems she became a supermodel and went to the very top almost as soon as she was discovered ","model"
"1598","Now widely known as one of the world's foremost supermodels, Tyra began her modeling career in the 11th grade. ","model"
"1599","T-sets of the original terms for the construction, by means for the fashion show catwalk for fashion models in the aisle ","model"
"1600","All models must perform a simulated runway walk for the casting team ","model"
"1601","She became known as a glamour model, appearing topless in British lad mags, including ''FHM'', ''Bizarre'', ''Maxim'', ''Loaded'', and tabloids ''News Of The World'', ''The Sun'' and ''Daily Star'' ","model"
"1602","The models collected at the agency three hours before the fashion show ","model"
"1603","The famous fashion show, with legendary supermodels strutting in lavishly jeweled bras and feathered wings, became a cultural ","model"
"1604","Paris, Berlin and some 50 cities across France hope to stage the world's biggest fashion show next week, with up to 10, 000 men and women modelling their own style on giant open-air catwalks ","model"
"1605","Manager Gary Naysmith said, ""Callum was a popular lad around the dressing room and a model professional ","model"
"1606","T stage show is not the patent, see models of beauties is walking toward us, please enjoy the ""T stage show"" . ","model"
"1607","Fortunately, these distractions did not sway her: she roamed the runways for several fall collections and astounded so many that she headlined the Yves Saint Laurent show that same year ","model"
"1608","There is a memorial to 23 servicemen who died of wounds while being treated at the nearby Wharncliffe War Hospital which the asylum became between 1915 and 1920 ","monument"
"1609","The monument was originally decorated with blue enamelled tiles that shined like glass ","monument"
"1610","The idea to create the memorial originated upon the conclusion of the Vietnam Veterans' Memorial. ","monument"
"1611","the memorials erected in its wake became our first national monuments, recording the devastating impact of the war on a young nation ","monument"
"1612","Aventurine is used for a number of applications, including landscape stone, building stone, aquaria, monuments, and jewelry ","monument"
"1613","In the early morning hours of June 28, 2017, one of the glass panels on the memorial was smashed with a rock ","monument"
"1614","It's a historic monument, like a historical landmark ","monument"
"1615","Until 1997, the municipality of Ringelai in the Bavarian Forest honoured Dietl with a memorial plaque ","monument"
"1616","A monument dedicated to the slave Burrel Hemphill can be found on the front grounds of Hopewell ARP Church ","monument"
"1617","After a century, the monument began to show signs of getting worse in conditions ","monument"
"1618","For in these monuments are chiseled those unlikely stories that affirm our unyielding faith -- a faith that anything is possible in America. ","monument"
"1619","The subject of the Memorial is the Greek god Anteros and was given the name ''The Angel of Christian Charity'' but is generally mistaken for his brother Eros ","monument"
"1620","The cenotaph stands as a remembrance of those killed during the war ","monument"
"1621","A monument was built in honor of the heroes who gave up their lives during the war. ","monument"
"1622","The monument, built of locally quarried marble, represents a medieval fortress, with stained glass windows and an inner room and staircase ","monument"
"1623","a monument dedicated to his life and valiant effort in fighting against the mughal invaders is located at panhala fort ","monument"
"1624","Minaret is an Almohade architecture monument and only remaining jewel of Nazar? period ","monument"
"1625","In the highest part is a monument to those French service personnel who are buried in the graveyards of North Africa ","monument"
"1626","The monument has been turned into a shrine to the dead and the missing ","monument"
"1627","Today a plaque records the details of that day and the memorial is covered with crosses, flowers and poppies. ","monument"
"1628","The museum houses an exceptional collection of animal and human bones, Neolithic pottery, stone tools and other ancient items recovered from over four hundred archaeological sites since the 19th century ","museum"
"1629","The museum has conducted several fundraisers for charitable causes, including selling valuable cars from the collection and donating the proceeds ","museum"
"1630","Golden Bay Museum in T?kaka has a permanent display covering Tasman's journey and a diorama showing the waka ramming the Dutch sailors' boat ","museum"
"1631","The British Museum has one watercolour of this kind, but her main employment was miniatures for brooches and jewellery ","museum"
"1632","In the museum you can find many ancient tools from 3,000 years ago ","museum"
"1633","The American Gem Society commissioned him in 1978 to create a collection of pieces using gems mined in North America, which is now seen at the Smithsonian Museum ","museum"
"1634","It is occasionally loaned out for display at museums and gem shows ","museum"
"1635","The work of twenty years' winners of the Overseas Photographer Prize was exhibited in the Tokyo Metropolitan Museum of Photography in 2006 ","museum"
"1636","Her work is included in the collection of Corning Museum of Glass ","museum"
"1637","These were collectors of such great wealth that they tended to either donate their collections to their favorite local museum or founded their own museum such as the Huntington ","museum"
"1638","When Joe was at London Central School of Arts and Crafts in the early 1950s, he saw a piece of jewelry titled ?slave ring? at the British Museum ","museum"
"1639","The control car from this blimp is now in the National Museum of Naval Aviation, NAS Pensacola ","museum"
"1640","An example of his later stained glass work is in the Kr?ller-M?ller Museum in Hoge Veluwe, Netherlands ","museum"
"1641","She is an avid collector of gems and her collection is on view at the Perot museum ","museum"
"1642","The Saint Louis Art Museum, located in Forest Park, houses a variety of art media, ranging from ancient artifacts to contemporary exhibits ","museum"
"1643","A car used during the annexation of Czechoslovakia and Austria before the war is preserved at the Sinsheim Auto & Technik Museum ","museum"
"1644","This museum has a fine collection of steles, inscribed with ancient Chinese characters. ","museum"
"1645","Forest Lawn Museum's art collection consists primarily of original bronze and marble sculptures by European and American artists ","museum"
"1646","The museum displays objects ranging from pre-historical artifacts to modern jewelry ","museum"
"1647","The museum also has a collection of automobile related memorabilia and a vintage carousal ","museum"
"1648","A few trucks from the old DVRR ore cars and caboose are now at the Laws Railroad Museum ","museum"
"1649","The single Spa car has been until recently kept in the Dutch Motor Museum ","museum"
"1650","His retrospective exhibition ""Gijs Bakker and Jewelry"" (and accompanying monography) was on display in various museums around the world ","museum"
"1651","The museum is a member of the National Association of Automobile Museums and the American Association of Museums ","museum"
"1652","World Forestry Center Discovery Museum * The World Forestry Center Discovery Museum offers educational exhibits on forests and forest-related subjects ","museum"
"1653","The museum comprises four buildings: the Dunwich Benevolent Asylum, the main building, the Herdsman's Hut, and a replica of the first Dunwich Post Office ","museum"
"1654","The Mignone Halls replaced two permanent exhibits, the Guggenheim and Morgan Memorial halls, completed in 1976, which previously displayed specimens from the museum's mineral and gem collections ","museum"
"1655","The museum resembles the Chinese character ''yong'' (), meaning ""city wall"", in its ancient pictographic form of the oracle bone script (a square representing walls surrounded by four gateways) ","museum"
"1656","A museum dedicated to the heritage of the automobile and motorcycle ","museum"
"1657","In succeeding years, Robbins raised money to acquire the remaining half of the Douglass house, naming it the Museum of African Art ","museum"
"1658","Art museum in the form of a cube with facade of frosted glass shingles three feet outside building walls ","museum"
"1659","Nicholas gave it to the newly established Russian Museum, in honour of his father, with the remit that it collect and display domestic art ","museum"
"1660","Furthermore, the Historical Museum Bamberg has a collection of astronomical and mathematical tools, as well as a compilation of nativity scenes exhibited during the Christmas season ","museum"
"1661","The jewel forms part of the permanent collection of the Yorkshire Museum and has been included in many public exhibitions since its discovery ","museum"
"1662","His work has been widely exhibited throughout China, and is collected by several museums including The British Museum, London. ","museum"
"1663","The car body is still in existence, owned by the Waupaca Historical Society and on display at their depot museum ","museum"
"1664","Nissan Engine Museum The is an automobile engine museum run by Nissan Motor Company ","museum"
"1665","Large parts of the collections Retzius acquired during his journey can be found at the Ethnographic Museum ","museum"
"1666","The archives of this voyage, including the guest book, are held by the National Maritime Museum at Greenwich ","museum"
"1667","The collection is displayed in the Janet Annenberg Hooker Hall of Geology, Gems and Minerals, one of the many galleries in the Museum of Natural History ","museum"
"1668","porphyry sarcophagi of byzantine emperors on display outside the istanbul archaeology museums ","museum"
"1669","Today the building houses the Moravian Museum of Bethlehem and contains historic artifacts, artwork, furnishings, clothing, instruments, books, tools, and manuscripts that tell the story of Bethlehem?s founders ","museum"
"1670","The museum exhibits historic rail cars and equipment ","museum"
"1671","It is on display in Paris at the National Museum of the Automobile ","museum"
"1672","It exhibits the museum's collection of hand-tools and household equipment ","museum"
"1673","This department of the museum is divided in four parts: *The Jewelry collection shows precious objects from stones and gems to metals including gold and ivory jewelry ","museum"
"1674","In 2021 the museum opened a new temporary exhibition on the history of the cruise and the journey by sea from France to the territory ","museum"
"1675","They submitted the series to the exhibition of contemporary jewellery (Utst?lling Nutidssmycken 1959) organized by the National Museum of Sweden in 1959 ","museum"
"1676","This included creating a museum in the ""Gonzales"" area of the madhouse ","museum"
"1677","Today, the Museum's collection includes more than 20,000 objects that represent voyages that shaped the map and moments that shaped daily life ","museum"
"1678","The museum also has a surviving copy of the first edition of Maximilianus Transylvanus' work, ''De Moluccis Insulis'', the first to describe Ferdinand Magellan's voyage around the world ","museum"
"1679","The museum contains a collection of ancient pottery, statues, coins and jewelry ","museum"
"1680","In 1998 the FIT Museum held a retrospective exhibition of Lane's jewel from the 1960s to the late 1990s ","museum"
"1681","The museum has a fine collection of medieval ivories. ","museum"
"1682","The prototype is actually on display at the Gianni Agnelli Automobile Museum in Turin ","museum"
"1683","In December 2010, the museum debuted a new permanent gallery with special collections of hand, shadow, and string puppets along with programmable lighting and original backgrounds ","museum"
"1684","A manuscript journal he maintained for part of the voyage is stored at the Natural History Museum in Paris ","museum"
"1685","A museum opened in 2007, housed in one of the former factory buildings, displaying tools and a significant collection of swords ","museum"
"1686","National Museum of Chinese Writing (2009) Yang designed the , which opened in 2009 in Anyang, Henan, the home of the oracle bones ","museum"
"1687","The Museum of Contemporary Art, in Tokyo, Japan sponsored an exhibition called Kazuo Oga ? The Man Who Drew Totoro's Forest from July 21, 2007 through September 30, 2007 ","museum"
"1688","The Single Wing Turquoise Bird Light Show did many of the multimedia light shows at the Pinnacle Concerts ","music"
"1689","Evaristo himself, a fan of Elivis, donned a gem studded jumpsuit at the opening of the Concert and impersonated the King performing a medley of his most famous songs ","music"
"1690","The tour is filmed and released in 2011 as 3DVD set including a live concert and tour documentary ''Cheers Lad ","music"
"1691","productions in the small theater sometimes involved a few orchestral instruments, but often the singers were accompanied only by a piano in the pit ","music"
"1692","Banks play there all day during the weekend, but there are loads of performance's at other venues in the area. ","music"
"1693","A young girl, standing in the wind, was lost in playing her violin. ","music"
"1694"," Many reports described him on stage, strumming one chord through the entire concert, or not playing at all ","music"
"1695","The premiere of the Foundling Hospital Anthem took place at a midday concert in the Hospital Chapel on 27 May 1749 ","music"
"1696","The famous singer is going to give a concert next week and his fans are trying to get a ticket by hook or by crook. ","music"
"1697","The concert begins with Jewel as Dorothy Gale singing the complete version of ""Over the Rainbow"" ","music"
"1698","Their idea was to bring delegations of one boy and girl aged 10?13 from different countries to perform an international concert for local audiences ","music"
"1699","The first concert featured 72 artists and took place from 12 noon to 12 midnight on 21?22 March 2020 ","music"
"1700","He performed at one of three concerts at the Gold Coast Convention and Exhibition Centre in 2013 ","music"
"1701","In June the annual Harry T Ville and the Boys Blues Band concert is held at the old Chinese Hotel ","music"
"1702","Concerts were held in Germany, Switzerland, Italy, Norway, Sweden, Denmark, Czech Republic, Austria, and Netherlands, and included performances from such bands as Manges, Peawees, and Moped Lads ","music"
"1703","Volk did return briefly in 1970 to the Raiders, at the request of Paul Revere, for 4 concert appearances during The Raiders tour with The Beach Boys ","music"
"1704","August 7, 2016 Taipei Taiwan Taipei International Convention Center Unknown ===3rd concert: BtoB Time=== '''BtoB Time''' is the third solo concert of boy band, BtoB ","music"
"1705","The last Jack the Lad concert took place in Redcar in July 1977, although several reunions culminated in an appearance at the Skagen Festival in Denmark in 1993 ","music"
"1706","They embarked on their first Japanese concert tour T-ara Japan Tour 2012: Jewelry Box in Nagoya on June 19 ","music"
"1707","On March 7, 2009, Zhang was the opening act for the last Super Show concert in Chengdu on March 7, 2009, singing ""I Will"" and ""The Left Shore of Happiness"" ","music"
"1708","we all play in other bands, also sometimes together but this one is one of our favorits. ","music"
"1709","After Henry gets up on stage during a concert and sings (loud and off-key) one of his Killer Boys Rats songs, his manager phones Henry and congratulates him ","music"
"1710","A ""Dream Concert"" of the extended AVAF followed in August, as did the ""Dancing With The Lion Orchestra"" concert on the shore of Lake Zurich ","music"
"1711","Garth Brooks performed a concert with Jewel from ''Enterprise'' on 21 November while she was docked in Norfolk, Virginia ","music"
"1712","The premiere took place in a Macnaghten Concert on 19 January 1962 with Bernard Shore on viola and Eric Gritton at the piano ","music"
"1713","That's followed by a musical performance, which includes actors portraying visitors from around the world praising Huaxi. ","music"
"1714","Later, ''Love Song - C? M?t Tr?i Th??ng Nh?'' concert was held on 22 August 2017 at Gem Center ","music"
"1715","There'll be a laser performance in the concert's beginning, and will be something of an audience participation performance. ","music"
"1716","that year a concert by Francis James and his string quartet, consisting entirely of Jones' compositions, was held in Toronto at the Eaton Auditorium ","music"
"1717","The music program also includes a concert band, string orchestra, full-size symphonic orchestra, swing and concert choirs, and the aforementioned 2 jazz-bands ","music"
"1718","They have performed concerts at Coffs Harbour, and Brisbane, as well as performing as part of the Gold Coast 2011 Big Day Out line up ","music"
"1719","The concert included his first string quartet, op 23, and the highly chromatic first piano sonata, op 33 (both composed in 1925)  ","music"
"1720","I hope that in the distant future to see Justin wireless concert, not the other, as long as the feelings of all his close range ","music"
"1721","A US Navy frigate captured her on her third whaling voyage ","navy"
"1722","The five Coast Guard cutters and five Navy destroyer escorts continuously manned four Market Time stations off Vietnam, while only Navy warships served on two Taiwan patrol stations ","navy"
"1723","the rn, ran and royal canadian navy also provided many other warships ","navy"
"1724","Osami Nagano is Chief of Japan's Naval Staff, and last week his Navy was up to no good in the South Pacific. ","navy"
"1725","In 1946, sailors of the Royal Indian Navy mutinied on board ships and in shore establishments ","navy"
"1726","James King (1750?1784), a Royal Navy officer who was with James Cook on his last voyage around the world ","navy"
"1727","In July 1915, Hyde was appointed by the Admiralty, to command the light cruiser , into the Coast of Ireland Command ","navy"
"1728","La Spezia The Swedish Navy had chartered ''Patricia'' to take the crews for the destroyers from Sweden to Italy, and accompanied them on their return voyage ","navy"
"1729","On 22 January she passed through the Straits of Hormuz with the British frigate and a US battlegroup centred on the aircraft carrier ","navy"
"1730","The lad would later change his name to David Glasgow Farragut and ultimately become the Navy's first admiral ","navy"
"1731","Navy Reserve and its greater integration into the Fleet and shore establishment of the Regular Navy ","navy"
"1732","only one of the navy crewmen - an anti-submarine warfare technician (aw) third class petty officer sitting in the rear observer seat - survived the crash ","navy"
"1733","His younger brother, Russell Shore (born 29 April 1949), later became a naval officer and a Master Mariner ","navy"
"1734","The Coast Guard's legacy missions include: Marine safety, search and rescue, aids to navigation, living marine resources (fisheries law enforcement), marine environmental protection, and ice operations ","navy"
"1735","The United States Navy, for instance, recently examined a very large number of men working on aircraft carriers. ","navy"
"1736","Navy began preparations for the establishment of a Naval Auxiliary Force, known colloquially as the ""mosquito fleet"", for the defence of the United States East Coast ","navy"
"1737","member of basketball hall of fame *ed gainey, canadian football league player *harry giles, 20th pick in the 2017 nba draft, current nba player for the portland trail blazers ","NBA"
"1738","The 76ers won and ended the Celtics string of eight consecutive NBA championships ","NBA"
"1739","A bond developed between Jordan and Knight, so much so that Jordan invited him to his first Bulls retirement ceremony, in 1993. ","NBA"
"1740","his father is a retired police officer and played basketball for north carolina a&t, where he was named the mid-eastern athletic conference men's basketball player of the year in 1987 ","NBA"
"1741","In his debut for the Hawks in their season opener on October 27, Howard grabbed 19 rebounds in a 114?99 win over the Washington Wizards ","NBA"
"1742","The Nuggets had the ninth pick in the 1993 NBA draft, and selected Rodney Rogers out of Wake Forest University ","NBA"
"1743","Bryant wore his Lakers varsity jacket, purple gold. It had several championship trophies across the back. ","NBA"
"1744","fife played one season of professional basketball, in 2002 with the gary steelheads of the continental basketball association ","NBA"
"1745","Meanwhile, in the sports world, many NBA players wore ""geek glasses"" during post-game interviews, drawing comparisons to Steve Urkel ","NBA"
"1746","each 1979 tournament winner received an automatic bid to the 1979 ncaa men's division i basketball tournament in the same way that the tournament champions of conventional athletic conferences did ","NBA"
"1747","Thrown through a plate glass window, he screamed he couldn't feel his legs and consequently his NBA career was over before it started ","NBA"
"1748","All-Star center Yao Ming is out for the season with a stress fracture in his left foot, a stunning blow to the surging Houston Rockets. ","NBA"
"1749","His father's cousin is former NBA player Gerald Glass ","NBA"
"1750","But LeBron is already a little better rebounder and shot-blocker than Jordan was -- and much more of an inside presence than Kobe can be. ","NBA"
"1751","Grant Hill became the first rookie in professional sports to lead fan balloting for the NBA All-Star Game ","NBA"
"1752","Prior to being selected number one overall by the Spurs in the 1997 NBA Draft, Tim Duncan played at Wake Forest for four years ","NBA"
"1753","The NBA was the first of the major sports leagues in North America to implement a drug testing policy ","NBA"
"1754","His elder brother is Willie Wise, who played seven years in the defunct American Basketball Association and two seasons in the NBA ","NBA"
"1755","Grant's uncle, Horace (twin brother of Harvey), played college basketball at Clemson and was a four-time NBA champion with Chicago and Los Angeles ","NBA"
"1756","For Game 3 of the 2019 NBA Finals against the Toronto Raptors, Thompson missed his first career playoff game after straining his left hamstring late in Game 2 ","NBA"
"1757","His brother Jeremy Lin was a professional basketball player in the NBA ","NBA"
"1758","He is the brother of former NBA player Raymond Townsend ","NBA"
"1759","Cartwright was the Bulls' starting center string of three consecutive NBA championships in 1991, 1992 and 1993 ","NBA"
"1760","On April 26, 2014 Thorn, on behalf of the NBA, suspended Wizard Nene Hilario from game 4 of the first round of the NBA playoffs ","NBA"
"1761","One of Van Lier's teammates was future NBA player Simmie Hill ","NBA"
"1762","Her brother is former NBA player and now Virginia Cavaliers head coach Tony Bennett ","NBA"
"1763","7 assists, and led the NBA in triple doubles, sharing 1995 NBA Rookie of the Year honors with Hill of the Detroit Pistons ","NBA"
"1764","Kobe Bryant's bad back might have cost the Lakers Game 4 Sunday, but in the end, it might be the thing that pushes them to a title. ","NBA"
"1765","During the 1995-96 NBA season, when Nelson became the head coach of the New York Knicks, he tried to implement his Nellie Ball system with the Knicks ","NBA"
"1766","He is best known as an NBA player agent, whose clients included Tim Duncan, Hedo T?rko?lu and Ray Allen, as well as former Sun Grant Hill ","NBA"
"1767","During the 2011 NBA draft, the Pacers traded the draft rights to Lorbek, to the San Antonio Spurs, as part of their trade for George Hill ","NBA"
"1768","He is the identical twin brother of Horace Grant, also a former NBA player ","NBA"
"1769","Riley, who coached the Lakers to four NBA titles during the 1980s, implemented a rough and physical style emphasizing defense ","NBA"
"1770","The Lakers said the right ankle Kobe Bryant tweaked during Tuesday night's game was not a problem and that he would play tonight. ","NBA"
"1771","The Pistons selected Grant Hill with the third overall pick in the 1994 NBA draft ","NBA"
"1772","Webster left the team to chase his NBA dream with the New Orleans Pelicans, while Abercrombie was forced to the sidelines to nurse a nagging hamstring strain ","NBA"
"1773","However, that year the Celtics' string of NBA titles was broken as they lost to the Philadelphia 76ers in the Eastern Conference Finals ","NBA"
"1774","James or not, the Heat could emerge as one of the top teams in the Eastern Conference with Wade and Bosh aboard. ","NBA"
"1775","In game 1 of the 2013 NBA Finals against the defending champion Miami Heat, Parker hit a clutch jump shot off the glass with 5 ","NBA"
"1776","Do not know when to begin the support of LeBron. James had, May be because he admired Michael Jordan's sake bar. ","NBA"
"1777","Wake Forest made the Final Four in 1962 and through the years, the program has produced many NBA players ","NBA"
"1778","The company currently has expanded into three business areas: electrical appliances, automobiles and new energies ","new"
"1779","With the extensive application of renewable energy generation, distributed generation become a new focus in power system research. ","new"
"1780","The mission of the Sunseeker Solar Car Project is to design, build, and race solar powered vehicles to advance and demonstrate the abilities of the renewable energy technologies ","new"
"1781","Nakate started the Green Schools Project, a renewable energy initiative, which aims to transition schools in Uganda to solar energy and install eco-friendly stoves in these schools ","new"
"1782","'''GARN''' is an American alternative energy company and manufacturer of smokeless wood-burning furnaces with integrated hydronic thermal storage ","new"
"1783","Lithium is an important material used during the construction of many electronic devices such as electric automobile and other uses related to renewable energy ","new"
"1784","Custer is the host site of the annual Renewable Energy and Sustainable Living Fair sponsored by the Midwest Renewable Energy Association ","new"
"1785","Our company devotes to the research and development of the highly efficient and clean new energy products. ","new"
"1786","Iceland runs almost completely on renewable energy ","new"
"1787","New energy finds, unconventional fuel sources and advanced technology are likely to ameliorate the long-prophesied energy catastrophe. ","new"
"1788","The foundation worked with Swiss specialists to develop low-cost, cooking stove that relied on renewable energy sources such as methane and biogas ","new"
"1789","Wind power, solar power will become the new energy industry, the key development areas of development planning. ","new"
"1790","As a clean and renewable energy, the wind power has gotten a quick development and become one of the most promising new energies. ","new"
"1791","The cellulose covered into high value-added new energy and new materials is a hot topic. ","new"
"1792","The solar energy and biomass energy were the well known type and the next was wind energy. ","new"
"1793","Reliable and efficient wind power generation systems development has become the new energy technologies. ","new"
"1794","The fleet of electric car is one of the cleanest in the world since about 98% of the electricity generated in the country comes from renewable energy sources, mainly hydropower ","new"
"1795","Renewable energies, specifically wind farms are also a rising form of electricity generation in this region ","new"
"1796","New and renewable sources of energy because of their lower cost of energy and mineral prices have been a large number of development. ","new"
"1797","US concerns about oil availability renewed interest in alternative energy sources ","new"
"1798","In order to implement the Strategy of Sustainable Development for our planet, renewable and clean energy have been developed and used. ","new"
"1799","The Effect Trace Of Food Nutrition Plan Training And Its Influencing Factors Analysis ","nutrition"
"1800","They wandered around the forest aimlessly, gathering leaves and wild fruits for nourishment ","nutrition"
"1801","Fortification of food has a clear nutritional targeting ","nutrition"
"1802","Ready-to-use-food is usually a sweet spread made with peanuts, dry milk, sugar, vegstable fat, minerals and vitamins. ","nutrition"
"1803","Food For The Poor provides, as its main objective, nourishment to the poor ","nutrition"
"1804","With this book, Warner hopes to alter children's perception of food and educate them about healthy eating and nutrition ","nutrition"
"1805","As mentioned before, food was first and foremost used for nourishment and means of survival ","nutrition"
"1806","Too much of a good thing can cause harm: High amounts of vitamins in supplements plus what you get in food can put you over the safe limit. ","nutrition"
"1807","Avocados are delicious and highly nutritious fruits and can be used in myriad ways ","nutrition"
"1808","Air tight seal keeps in smell, humidity and food nutriments stay in longer ","nutrition"
"1809","Health food refers to food products which claim to have specific health functions or supplement one's vitamins or minerals ","nutrition"
"1810","Vitamins A, B, C and E contained in a range of fruit and vegetables are all crucial for keeping the skin cells healthy ","nutrition"
"1811","If you need a boost of vitamin C, for example, one of the best things to eat are blueberries ","nutrition"
"1812","This food reserve provides nourishment to the growing embryo ","nutrition"
"1813","Appropriate supplementary protein such as thin pork, duck, goose and quail, etc ","nutrition"
"1814","Note: Super Collagen is not a complete protein and should not be used to replace a dietary protein supplement ","nutrition"
"1815","the meat is very nutritious, containing many vitamins, fruit is very much a right way, not cold nor hot. ","nutrition"
"1816","Melamine has no nutritional value but is high in nitrogen, making products with it appear higher in protein. ","nutrition"
"1817","Junk food is low in nutrition, high in calories and almost guaranteed to pack on the pounds ","nutrition"
"1818","The product provided inadequate vitamin and mineral supplementation ","nutrition"
"1819","The sun's ultraviolet-B rays absorbed through the skin are the body's main source of this nutrient. ","nutrition"
"1820","The simple sugars from fruits are important nutrients and vitamins for our body ","nutrition"
"1821","She walked with only nuts, honey, raw fruit and vegetable juice for nourishment ","nutrition"
"1822","In order for you to benefit from a multivitamin, your body must be able to absorb the nutrients. ","nutrition"
"1823","Doctors urged her to eat chicken for protein and take vitamin pills to help her baby, but her stomach wasn't used to them. ","nutrition"
"1824","This festive season targets to promote ""sago"" as traditional food and multi purpose product with full of nutrition ","nutrition"
"1825","It is the primary source of nutrition for young mammals before they are able to digest other types of food ","nutrition"
"1826","Vitamins (as found in fruits and vegetables, for instance) and minerals like calcium (found in dairy products) ","nutrition"
"1827","The Fresh Fruit and Vegetable Snack Program (Food and Nutrition Service) was also designed to increase fruit and vegetables available to schools ","nutrition"
"1828","Vitamin B-12 is found in green leafy vegetables and other foods, like legumes and citrus fruits ","nutrition"
"1829","Powerlifter Charles Teye will be waving Ghana's flag high at the Paralympics in London. ","Olympic"
"1830","But as I mentioned the most important thing is the Olympic spirit ","Olympic"
"1831","He was no longer a nobody who choked at big events, like the 1988 Calgary Olympics, where he finished an unimpressive 10th. ","Olympic"
"1832","Her ambition is to become part of the national team for the next Paraolympic Games. ","Olympic"
"1833","The opening ceremony of the 2000 Sydney Olympics featured a sequence with giant Hills Hoist robots roaming around the arena ","Olympic"
"1834","Glass made her first Olympic appearance at the 2008 Beijing Olympics, helping Team USA to a silver medal ","Olympic"
"1835","He said he couldn't recall an incident like this at past Olympics ","Olympic"
"1836","In the Olympic spirit of the infection, we understand the unity and cooperation ","Olympic"
"1837","This city have already held the Olympic Games twice ","Olympic"
"1838","Right from the venue, volunteers, and other aspects , we can see how much efforts we had put in the Olympic Games ","Olympic"
"1839","And he said becoming an Olympic sponsor was a good way to market P&G products. ","Olympic"
"1840","For the fourth time in the nation's Olympic history, Ivory Coast was represented by more female than male athletes ","Olympic"
"1841","If a sporting spectacle was all that was promised, the games would be an unproblematic affair. ","Olympic"
"1842","The Olympics will be on television all round the world ","Olympic"
"1843","The 2012 Olympic and Paralympic Mascots have been unveiled in London. ","Olympic"
"1844","Secondly, taking stimulants violates the spirit of the Olympic Games ","Olympic"
"1845","For China not right we don't have winter Olympics gold medal, the short track was the only sport can have chance get the gold medal. ","Olympic"
"1846","Olympic champion Michael Phelps explains the secret of his success. ","Olympic"
"1847","In 2004, Wu Man was approached by Glass once again to collaborate on a commission from the Cultural Olympiad on the occasion of the 2004 Summer Olympics in Athens ","Olympic"
"1848","The preparation paid off: The Japanese took all three medals at the Olympic Normal hill event, Kasaya winning Gold ","Olympic"
"1849","Will hold Olympiad , being injured is able to open Closing Ceremony , track and field competition and football match final oersted. ","Olympic"
"1850","To overcome the difficulty brought by his small hands which often failed him at critical moment, Yao had kept up his practice for over a dozen years before becoming an Olympic champion ","Olympic"
"1851","Blatter was speaking at the Winter Olympics in Vancouver in his capacity as a member of the International Olympic Committee. ","Olympic"
"1852","He participated in three Olympics (1998, 2002, 2006) and a string of World Single Distance Championships and World Sprint Speed Skating Championships ","Olympic"
"1853","The National Olympic Committee of Thailand fielded a team of 57 athletes, 25 boys and 32 girls, to compete in 21 sports at the Games ","Olympic"
"1854","The 2004 Summer Olympics were the first for the island nation of Kiribati ","Olympic"
"1855","China has notched this unlikely record in the afterglow of its Summer Games, one of the most extravagant Olympics in history. ","Olympic"
"1856","Although it got off to a bit of a slow start, Google's Android mobile operating system has caught its stride. ","operating"
"1857","How much control the consumer has over the operating systems, hardware, and software. ","operating"
"1858","But Linux Mint is not just an Ubuntu with a new set of applications and an updated desktop theme. ","operating"
"1859","Two of the best known are the Console Operating System in VMware ESX Server and Oracle Linux respin ","operating"
"1860","Google said the operating system was a new project, separate from its Android mobile operating software found in some smartphones. ","operating"
"1861","The embedded OS in a thin client is stored in a ""flash drive"" , in a Disk on Module (DOM), or is downloaded over the network at boot-up. ","operating"
"1862","The monitoring software was developed by the embedded operating system XPE in the virtual instrument development platform. ","operating"
"1863","BlackBerry phones are much like iPhones in the fact that you can only use BlackBerry OS with an official phone by BlackBerry. ","operating"
"1864","It is to be noted that microkernel designs vary greatly due to different interpretations of the term 'essential core of OS code'. ","operating"
"1865","It really highlighted just how much interest surrounds this (relatively) new operating system. ","operating"
"1866","Ubuntu provides an up-to-date, stable operating system for the average user, with a strong focus on usability and ease of installation. ","operating"
"1867","Apple also updates the os on two year cycles and is not at all shy about telling developers new way or highway. ","operating"
"1868","Apple's new version of its desktop operating system for Mac computers is called Mac OS X Lion. ","operating"
"1869","In a market nowadays dominated by Google's Android, Apple's iOS, and BlackBerry OS, it's pretty easy to overlook Nokia. ","operating"
"1870","Embedded operating systems become increasingly significant, which run on the resource-limited home appliances and industry instruments. ","operating"
"1871","Linux has no concept of a ""file extension"" like legacy operating systems. ","operating"
"1872","As for the OS itself? It's the best desktop OS I've ever used, stable, configurable , and up to date. ","operating"
"1873","The supported Operation Systems with FC-NVMe are: Oracle Linux, VMware, Windows Server, SUSE Linux, RedHat Linux ","operating"
"1874","Chef Server is supported on RHEL/CentOS, Oracle Linux, SUSE Linux and Ubuntu ","operating"
"1875","Apple said the new operating system (OS) is almost half the size of previous versions, freeing up to 7GB of drive space once installed. ","operating"
"1876","An orphan and good hearted lad Gajendra (Vijayakanth) is 'adopted' and grows up under Azhagarsamy (Sarath Babu) family care in Chennai ","orphan"
"1877","People who want to adopt orphans should have the ability to raise them, Chen added. ","orphan"
"1878","Miss Diana gave away all her castoffs to the little girls in the orphan asylum ","orphan"
"1879","Joseph's Orphan Asylum for boys when it was begun in 1852, she later oversaw the combining of the two asylums in the Cincinnati neighborhood of Cumminsville ","orphan"
"1880","She was separated from her brother in a separate orphanage and her mother until she was eight ","orphan"
"1881","The adoptions, or even a future birth to a family that adopts an orphan, will not face the limitations of the one-child policy. ","orphan"
"1882","He was raised by his father's brother as he was orphaned at a very young age ","orphan"
"1883","So if I wasn't with you they would put you in an orphanage? ","orphan"
"1884","Left by his parents in an orphanage aged three, he ran away at the age of five as he was being bullied. ","orphan"
"1885","According to tea lore, Lu Yu was an orphan of Jinling county (now Tianmen City in Hubei Province) who was adopted by a Buddhist monk of the Dragon Cloud Monastery ","orphan"
"1886","he was raised in an indiana orphanage throughout most of his early life after the death of his father ","orphan"
"1887","My client humbly requests that you manage an orphanage home for her in your country where the less privileged and orphans can come and stay. ","orphan"
"1888","The next day we met orphanage officials to do paperwork ","orphan"
"1889","'''loats female orphan asylum of frederick city''' is a historic home and former orphanage building located at frederick, frederick county, maryland ","orphan"
"1890","In 1956, the Fairview Home merged with the Troy Orphan Asylum ","orphan"
"1891","She, along with her brother and sister, were originally orphans who were slaves and treated brutally ","orphan"
"1892","at the age of three, soiree lost his parents to an accident and was raised in an orphanage along with alba ","orphan"
"1893","Generally, people have become more compassionate , and quite a few families have taken in an orphan from the municipal orphanage . ","orphan"
"1894","Once upon a time, there was a little boy who was raised in an orphanage ","orphan"
"1895","In 1815, after seeing the need for an institution for orphans in Philadelphia, she was among those instrumental in founding the Philadelphia Orphan Asylum ","orphan"
"1896","in Sydney, the Female Orphans' Asylum was established in 1801 and Boys' Orphanage in 1819 ","orphan"
"1897","An orphan and good hearted lad Gajendra (Vijayakanth) is 'adopted' and grows up under Azhagarsamy (Sarath Babu) family care in Chennai ","orphan"
"1898","When I was little I would draw all day long like many kids do and my parents enrolled me in a painting academy. ","paint"
"1899","Painting techniques''' Ellis Rowan painted most of her Queensland paintings indoor, she always worked into the night to drawn plants that she collected on her journey ","paint"
"1900","One year later, she painted ''Blast Furnaces'', in a similar vein ","paint"
"1901","To test the power, Ma Liang uses the brush to paint a rooster ","paint"
"1902","Van Gogh's thoughts returned several times to the painting by Eug?ne Delacroix of Torquato Tasso in the madhouse ","paint"
"1903","The painting depicts a girl and boy - who is playing a tin whistle - lying on the ground near a lake ","paint"
"1904","His painting ''Renaud and Armide'' illustrated the death of the Christian knight Arnaud at the hands of the magician Armide ","paint"
"1905","each shen yun piece is set against a digitally projected backdrop, usually depicting landscapes such as mongolian grasslands, imperial courts, ancient villages, temples, or mountains ","paint"
"1906","wilson was a talented painter with works appearing in exhibitions throughout the united states, including the cleveland museum of art and the society of illustrators annual show in new york ","paint"
"1907","There are a wide range of different styles, including paintings, etchings, lithographs and ceramics ","paint"
"1908","The painting depicts the rooster and the hen to be taking care of the young chick ","paint"
"1909","He famously remedied the situation by adding a white paper strip and sketching the Eiffel Tower with black stove paint and a broom ","paint"
"1910","the theme of peace, colour and harmony permeates all of his paintings, many of which depict in watercolour, his specialist subject of the galloway landscape by moonlight ","paint"
"1911","The lad drew him with a shaving and a drone, and the child gave him the apple ","paint"
"1912","The Peruvian painter uses his mouth and foot to hold paintbrush. He's won international accolades for his watercolors and carvings. ","paint"
"1913","The painting brings to mind some of Picasso's early works ","paint"
"1914","Gifted with a fine and delicate talent, Leray excelled at genre paintings, where coquetry and grace give a poetic character ","paint"
"1915","In the realm of painting, coloring is an important category in expressiveness and expounding the individuality and nature of the creator. ","paint"
"1916","From the human body, to landscapes, to oil paint and food items, Liou's works are filled with rich details ","paint"
"1917","I tease Wraith by occasionally asking, ""Does it look like me yet? "" a few minutes into a new sketch or painting. ","paint"
"1918","A watercolour which is thought to also show this cock fight, painted about 1830 ","paint"
"1919","This journey was celebrated with a painting by John Hollins that is now in the National Portrait Gallery in London ","paint"
"1920","His paintings are contrived and formulaic ","paint"
"1921","Caproens painted flower and fruit still lifes, garland paintings and banquet still lifes ","paint"
"1922","Painting depends on imagination. Main details are zigzags, herring-bone patterns, the sun, berries. . . ","paint"
"1923","When a childhood accident kept him out of school for a year, the boy filled his time drawing ","paint"
"1924","He was fired in 1890, it was said, for poorly drawing a stove for an could not draw buildings and appliances well ","paint"
"1925","Watercolour still seems somehow to be the poor relation of oil painting ","paint"
"1926","Drawing was one of his life?s interests, and he often drew game birds on his trips through the forest ","paint"
"1927","Are the same painting, the old painter's painting can be called art, it appears to be no doubt. ","paint"
"1928","If you are a VWP traveler who arrives in the United States without a machine-readable passport or a visa, do not expect to be granted entry. ","passport"
"1929","Cleutin then travelled to London to obtain a passport and safe-conduct for Mary, Queen of Scots' voyage to Scotland ","passport"
"1930","Spanish authorities who held him in custody noted he carried a Dutch passport which indicated his date of birth as June 12, 1896. ","passport"
"1931","On receiving his pardon, Hubbard obtained a passport and, on May 1, 1915, left with his wife on a voyage to Europe ","passport"
"1932","They were unable to complete the voyage due to visa problems at the border of China and returned to England by sea from Bombay ","passport"
"1933","About 97 percent of people who are told their applications have been approved get their visas within two or three days, she said. ","passport"
"1934","She said the visa exemption agreement marked the development of bilateral relations had reached a higher level. ","passport"
"1935","Moreover, all different Saudi missionaries worldwide are now preparing themselves to implement e-visa application for tourists wishing to visit the country and attend the various activities take place there ","passport"
"1936","Passengers with a visa issued by and permitted entry by land can obtain a 24-hour transit visa on arrival if continuing their journey by land using the King Fahd Causeway ","passport"
"1937","His passport request was denied by US consulate due to his slave past and he was unable to return to the United States and died in a debtor's prison ","passport"
"1938","After receiving the invitation , you need settling passport and visa , and book ticket if you know the time of starting off . ","passport"
"1939","I can't believe how much red tape there is in getting a visa. ","passport"
"1940","artsakh permits dual citizenship, and as a result a number of syrian armenian refugees were granted artsakh passports when they immigrated in 2012 ","passport"
"1941","EU members must implement PACE in electronic passports by the end of 2014 ","passport"
"1942","Passports were originally for slave identification, and many whites were offended when they were required to have passports during the War ","passport"
"1943","He said he had lost his passport and had n't been able to leave the country ","passport"
"1944","Remember that some countries do not accept passports which have less than six months' validity remaining. ","passport"
"1945","For the next leg of the journey to the United States and Britain, the Chinese took the position that they would only issue exit visas on the Chinese passports ","passport"
"1946","take this form , fill it out , and keep it with your passport you'll need it to pass through immigration. ","passport"
"1947","His first successful patented inventions, patented in 1909, were an heat regulator for more effective control of stove and toaster heating elements and a thermostat for high-tension power cables ","patent"
"1948","He left the King Automobile company in 1912, however held full possession of his patents ","patent"
"1949","Has undertaken a number of National Torch Program projects, the company now owns a number of invention patents. ","patent"
"1950","The results are in the international advanced level, and the national invention patent license ","patent"
"1951","Van Over patented a kitchen implement called the B?tard Folding Picnic Knife as well as an oven stone for baking bread ","patent"
"1952","Kaleski is described as a ""true bushman and He was keenly interested in agriculture, inventing and patenting a number of new or improved farm implements and practical tools ","patent"
"1953","mad is the abbreviation of mobile assisted driving which is a patent pending technology to connect cars to the internet ","patent"
"1954","English metallurgist William Champion is granted a patent for his process of extracting zinc from other materials in a furnace ","patent"
"1955","The first mechanical shower, operated by a hand pump, was patented in England in 1767 by William Feetham, a stove maker from Ludgate Hill in London ","patent"
"1956","The Ardis Furnace was initially a huge success, and Jones turned down multiple million-dollar offers for his patent ","patent"
"1957","Intelligent management of these products is the first in the world, has declared the national and international patents for inventions. ","patent"
"1958","But they were more properly electric railway patents, the rights to which Electric Car had transferred to GE Auto ","patent"
"1959","The father took out a number of patents for improvements to agricultural equipment, and the son credits him with being his chief teacher as a boy ","patent"
"1960","To be patentable an invention must be novel, useful and non-obvious ","patent"
"1961","A patent claiming an invention that is required to implement a given industry standard ","patent"
"1962","He applied for many patents, most of them for long-forgotten inventions for buckle-making machines and other tools ","patent"
"1963","We are authorized by state Intellectual Property Office patents protected by state laws. ","patent"
"1964","There are also several US patents for using skip lists to implement (lockless) priority queues and concurrent dictionaries ","patent"
"1965","She specialised on network and security protocols and while working for Oracle obtained more than 50 patents ","patent"
"1966","was a Scottish chemist who invented an electric furnace for creating phosphorus invented in 1888 and patented in 1889 ","patent"
"1967","patent number ""US1636637 A"" for the design of a ""Combination Tool"", a combined measuring and gauging implement for use by mechanics, carpenters and metal workers ","patent"
"1968","At present, the company owns up to 16 items of machine invention patents and utility patents ","patent"
"1969","It was a financial success, and Hallidie's patents were enforced on other cable car promoters, making him wealthy ","patent"
"1970","Having only a third grade education, he obtained more than 150 patents on oil drilling tools ","patent"
"1971","The company has multiple products with a national invention patent ","patent"
"1972","patent of a ""horseless carriage"" and thus, is considered the inventor of the automobile ","patent"
"1973","In Berlin on 16 March 1910, as a boy of sixteen, Marcel patented a maritime compass that indicates north regardless of the presence of iron or magnetic forces ","patent"
"1974","At present, our company has declared 11 national invention patents, utility models, a patent. ","patent"
"1975","Her patented stove contained a ""frizzler"" which fried without hardening ","patent"
"1976","She relents after seeing how the boys enjoyed having a pet ","pet"
"1977","The idea is that they are selling these pets live, selling them as pets essentially ","pet"
"1978","Product item involves bird cage, dog cage, hamster cage, rabbit cage, cat cage and various pet accessories. In all, almost 300 kinds. The output per month is up to 40 standard containers ","pet"
"1979","The 2007 pet food recalls involved the massive recall of many brands of cat and dog foods beginning in March 2007 ","pet"
"1980","But Loki seeing a bit of himself in the pup, decided to keep him as his pet and named him Thori after his brother Thor ","pet"
"1981","I think you should all try at telepathy with your animals, you might be in for a delightful surprise! ","pet"
"1982","My cousin has a pet rat. It's white with brown spots and it's really fat because my cousin feeds it from the table all the time ","pet"
"1983","A 95-year-old woman from Havana, Cuba, with her pet rooster Keeping '''chickens as pets''' became increasingly popular in the 2000s among urban and suburban residents ","pet"
"1984","They clean cages, play with the animals, feed and bathe the pets and take the dogs for walks ","pet"
"1985","A child first labels the household pet cat as a ""cat"" and then generalizes this label to other animals that look like it ","pet"
"1986","Pet stores, pet hospitals and animal training courses are sprouting up to serve China's growing army of pooches and moggies. ","pet"
"1987","This kind of gold fish is not adaptable to the circumstances, so it is not easy to have it as a pet. ","pet"
"1988","Exotic pet enthusiasts often attempt to keep Meller's chameleons as pets ","pet"
"1989","The couple's three cats have been farmed out to friends and neighbors, but Strong's dog, Pepper, is still with her. ","pet"
"1990","The domesticated budgerigar, a small parrot, is the most popular of all pet bird species ","pet"
"1991","Hamster very cute, small size, easy to take care of, than a cat or rabbit cheap, almost all day in bed. ","pet"
"1992","Pet vendors will also offer a variety of dogs, cats, rabbits, hamsters , birds and, reptiles for sale. ","pet"
"1993","Maybe you can't believe it. My favorite animal is a piggy called DuDu. It is a kind of pet piggy, unlike the pigs we usually see in farms ","pet"
"1994","Manage pet activity, keep dogs and cats out of the woods to reduce ticks brought back into the home. ","pet"
"1995","A weekend, my father took me to flower and bird market bought a parrot to give me. ","pet"
"1996","In fact, this kind of pet piggy is clean, loving, understanding and most important of all, very faithful ","pet"
"1997","I guarantee, "" said the salesman in the pet shop, "" that this purple parrot will repeat every word it hears. ","pet"
"1998","Many people like animals and take them as their pets, so pet hospitals are usually very busy. ","pet"
"1999","Balan indulged in his pastime of animals, birds and wildlife with a multitude of pets that grew into serious hobbies later in life ","pet"
"2000","People like having small furry animals to stroke, but pets can be expensive to feed ","pet"
"2001","Break up the day for dogs of any age with a visit from a dog walker or a neighbor, and give your pet access to toys and visual stimuli. ","pet"
"2002","To help animals is helping people. To many people, a pet is like one of the family. This is often true for older people who are very lonely. ","pet"
"2003","Actually, I'd like a pet that's a little unusual. I don't' really want a typical pet, like a cat, dog, or hamster. ","pet"
"2004","we are a small cattery , haven't much kittens. females one year only one litter, males all no stud service. ","pet"
"2005","There are currently 14 ships and 268 crew being held in pirate-friendly Somali ports ","pirate"
"2006","The possession of goods by Somali pirates aimed for the ransom and the goods were forecasted to be returned through the payment of ransom. ","pirate"
"2007","CATCHING Somalian pirates may be tricky enough, but the question of what to do with them afterwards can be even more difficult. ","pirate"
"2008","The pirates lay waste the sea-coast and burn the ships of the fishermen, and take their nets from them ","pirate"
"2009","This one is a corsair from the Basilisk Islands who believed the Rhoyne would offer richer pickings than the Summer Sea. ","pirate"
"2010","Somali pirates aboard the vessel are said to be demanding a $25 million ransom for release of the ship and its international crew. ","pirate"
"2011","When one of the pirates stripped his shirt off, ""he was all bones, no meat at all, "" said a Basque crewman. ","pirate"
"2012","A weak government in Somalia is unable to restrain pirate gangs, he said, and ship owners are paying huge ransoms. ","pirate"
"2013","Since then the ministry says it's been confirmed that the boat was hijacked by pirates and was being sailed to the Somali coast. ","pirate"
"2014","The voyage was particularly perilous, his ship captured by a French pirate ","pirate"
"2015","In 1579, during a voyage to Ireland, he chased a pirate ship to the Flemish coast and captured the commander, Deryfold ","pirate"
"2016","But he said the shootings might make the pirates less inclined to attack ships. ","pirate"
"2017","However, pirate activity off the coast of Somalia has jeopardized the completion of the project ","pirate"
"2018","Since he was one of the most famous pirates ever, such a large amount of treasure is not surprising. ","pirate"
"2019","1370s) was a pirate captain of Bari who become known for raiding ships on the Adriatic coast ","pirate"
"2020","So all the man heading to "" The Grand Line"" to chase dreams. Then the world started to meet the advent of a great era of pirates. ","pirate"
"2021","The corsair captain and the sailors with painted beards were so funny that people were all laughing until they gasped for breath. ","pirate"
"2022","For the pirates used to plunder one another, and indeed all coast populations, whether seafaring or not. ","pirate"
"2023","Andersen became a pirate who harried the coast of Denmark for years ","pirate"
"2024","potential issues such as meat contamination, lead poisoning from cans and foods treated with antiseptics and chemical preservatives ","poisoning"
"2025","Ayyaa catches Vandana and her mother mixing poison into the food ","poisoning"
"2026","Lad disappears for three days, reappearing covered in mud but cured of the poison ","poisoning"
"2027","One of her sons was diagnosed with lead poisoning when he was a toddler; he apparently was exposed from peeling paint. ","poisoning"
"2028","It is not about ensuring that people don't get poisoned: it is about changing their behaviour ","poisoning"
"2029","His postmortem showed he died of stomach cancer, but it has been suggested arsenic poisoning or over-zealous treatment was to blame. ","poisoning"
"2030","Food that is insufficiently cooked can lead to food poisoning ","poisoning"
"2031","The acidity of the fruit caused skin to bleed and resulted in infections including blood poisoning ","poisoning"
"2032","The women bring the boy poisoned ''maruya'', they eat and die ","poisoning"
"2033","In 1837 Bird took part in an investigation of the dangers posed by the arsenic content of cheap candles ","poisoning"
"2034","She carved a bird with a poisoned knife in such a way that only one half of the animal was mixed with the poison ","poisoning"
"2035","However, extended use of large quantities of lead on skin causes lead poisoning ","poisoning"
"2036","Rescue personnel said that the scene did not smell gas flavor, it is food poisoning or gas poisoning at the enemy. ","poisoning"
"2037","Consumption of hot meat is a health hazard and may result in diarrhea and food poisoning ","poisoning"
"2038","Both these compounds are toxic, leading to mercury and lead poisoning ","poisoning"
"2039","Most people recover from food poisoning after a few days of resting and drinking extra water. ","poisoning"
"2040","But a new kind of fruit Happy and Arktos ate has poisoned them ","poisoning"
"2041","If it result in toxic reaction, cloves decoction can be used as antidote ","poisoning"
"2042","It is reported that this is already two years since the canteen was the third poisoning. ","poisoning"
"2043","The poison is in her blood and on her breath ","poisoning"
"2044","Forest Service and the Washington State Police pursued Dick, an armed robbery suspect, in their vehicles and finally, after his crash, on foot ","police"
"2045","As they talk, two policemen approach and arrest Cordell for a break-in at a jewelry store, where his card has been found ","police"
"2046","Pre-emptive arrests and a massive police presence kept would-be demonstrators at home. ","police"
"2047","After a car chase and then a foot chase, Mobley turned and confronted police saying he had a gun and reaching for his waistband ","police"
"2048","The police arrested for the murder, Carmine Messina on the car owned by Lo Presti ","police"
"2049","The policeman followed the thieves until they actually picked up the jewels, when he caught them in the act. ","police"
"2050","They escaped in their stolen automobile as two policemen tried to catch them, one on horseback and the other on a bicycle ","police"
"2051","Police, agency of a community or government that is responsible for maintaining public order and preventing and detecting crime. ","police"
"2052","The Swedish police do not arrest the men right away. They want to catch them selling Wittman the stolen Rembrandt. ","police"
"2053","The police ignore Bob and instead take Roger and Wendy with them because the car which Roger recently bought for Wendy to replace the one he sold is stolen ","police"
"2054","Three hundred police from Public Security and the People's Armed Police arrested the suspects who set fire to Sichuan Exhibition Hall and robbed the Tiancheng Jewelry store ","police"
"2055","Richard Ricci, who worked for the Smarts until he was fired when jewelry went missing, is arrested for a parole violation and the police suspect his involvement in Elizabeth's disappearance ","police"
"2056","In March, 1888, Duggan arrested a jewelry peddler, and when the charges were dropped and Duggan was fined $25 for unlawful arrest, he resigned from the police force ","police"
"2057","Police: Zhao shisan, Xia zhi xing, we are policemen. Now we arrest you to jewelry fraud. Do not escape ","police"
"2058","Do not know the names of the suspects , appearance, age, such clues can be no doubt be the key to solve the case. ","police"
"2059","Both of us were able to describe the guns in horrifying detail, but the two policemen who stayed to make the report that would be much help. ","police"
"2060","a search in the man's home in yuen long did not provide police with further investigation leads. ","police"
"2061","The International Criminal Police Organization also issued a wanted warrant, giving a helping hand. ","police"
"2062","Increased interaction between the police and citizens will improve the rate of solving crimes. ","police"
"2063","These investigators frequently need months to solve crimes, due in part to the backlog of cases at DNA testing centers. ","police"
"2064","The police launched an in-depth and extensive investigation. A medical school professor was invited to come to solve the case. ","police"
"2065","The police seized several possessions inside the property, including furniture and jewelry ","police"
"2066","Healing thoughs and prayers for her at this time would be very appreciated by her as well. ","pray"
"2067","For example, in hunger during the famine, it is the strongest desire is to seek food; ","pray"
"2068","Because of the saint's spiritual presence at his tomb, Sufi pilgrims journey there to pray for them and send blessings to them ","pray"
"2069","Is that what you think is going on? Well, yeah, We were in a church, and there was a priest. ","pray"
"2070","He embraced her, solemnly commended her to Heaven, and humbly thanked Heaven for having bestowed her on him. ","pray"
"2071","Pleasant Tackitt, from the train, was a Methodist minister who led the others in worship and prayer services while on their journey ","pray"
"2072","A religious booklet with prayers and recollections about Jesus Christ was published by a Franciscan monk in Padua in 1620 ","pray"
"2073","Yogi Chen did not seem scared in the least, and I can only guess that he must have been silently praying. ","pray"
"2074","The target must be able to hear the Prayer and must believe in the Seven ","pray"
"2075","When he was very ill, he used to pray alone in his room before burning candles, wound round his head was something like tape. ","pray"
"2076","I took off the glasses, closed my eyes and put my hands to my face in prayer. ""How about, God. . . please, please help us do this. "" ","pray"
"2077","Female pilgrims have come for centuries to call upon the prayerful intercession of the monk saint for their seafaring husbands' safety ","pray"
"2078","I pray for the New Year to be a year of happiness, prosperity, peace and brotherhood for humanity. ","pray"
"2079","She went into the church, knelt down and began to pray ","pray"
"2080","Ari only knew the babyish prayer her mom had taught her to say prior a meal or before sleep. ","pray"
"2081","Workers take a moment to pray, bending like the palm trees in the wind ","pray"
"2082","I never stood by the bedside of a godly man who reposed any confidence whatever in his own prayers, or repentance, or religiousness. ","pray"
"2083","Through the presence of the medal, the driver is asking the Saint to pray on his or her behalf for a safe and uneventful journey ","pray"
"2084","""We will be thinking of you and praying for you during this holiday season, "" he said. ","pray"
"2085","""You and your wife are in the prayers of me and our church, "" he says to Rimney. ""Despite of what you may think of me. "" ","pray"
"2086","Keep on praying you will learn that the delay in the answer to prayer is one of the most precious means of grace that God can bestow on you. ","pray"
"2087","Let us pray for the faith of those who have graduated and may the Holy Spirit quicken them to continue to be part of His Body. ","pray"
"2088","He told her he had no answers, but he said his prayers were with all Japanese children who were suffering. ","pray"
"2089","As we pray, are we praying out of a deep sense of need? Or are we merely wanting someone else to see how well we can pray? ","pray"
"2090","As the number and variety of these soothsaying techniques suggest, we have a deep, probably intrinsic desire to know the future. ","prediction"
"2091","A fortune teller remembers an old prophecy that the son of her erstwhile lover must be bricked up alive in order for the fortress to stand ","prediction"
"2092","Divination: The art or act of foretelling future events or revealing occult knowledge by means of augury or an alleged supernatural agency. ","prediction"
"2093","The oracle predicted that Achilles would die if he fought in the Trojan War ","prediction"
"2094","whereby the magician or priest would observe patterns of oil within water to predict the future ","prediction"
"2095","Over the next few years, the Lord continued to bless me. Everything I prophesied came true! ","prediction"
"2096","This tradition follows a familiar ironic convention: the oracle predicts accurately after all ","prediction"
"2097","The great seers and commentators of our time will doubtless say that this is all to come. ","prediction"
"2098","Both the Old Testament prophet, Daniel, and Jesus speak of a time of great distress on earth that will come just before His second coming. ","prediction"
"2099","Foretelling a major famine, Monk Bhadrabahu, a leading figure of the Jain religion in the kingdom of Magadha in the 3rd century B ","prediction"
"2100","In his theory of relativity, Einstein predicted how black holes are formed ","prediction"
"2101","The oracle delivered to Oedipus is what is often called a prophecy,"" whereby a prophecy itself sets in motion events that conclude with its own fulfilment ","prediction"
"2102","But there exists an old prophecy of a girl who can defeat the Wizard ","prediction"
"2103","She predicts his journey to Hesperia, Italy and future marriage to another ","prediction"
"2104","The religious leader foretold the arrival of an age of peace ","prediction"
"2105","It has been predicted that the Earth will tilt on its axis,causing catastrophic famine and disease ","prediction"
"2106","She predicted in 1978 that what would replace Taylorism would be the computer ","prediction"
"2107","2012 is the Mayan prophecy of the end of the world, with the arrival of this day, people must face an unprecedented devastating catastrophe. ","prediction"
"2108","''The Forest Unseen'' has been translated into twelve languages and was winner, in translation, of the 2016 Dapeng Nature Book Award in China ","prize"
"2109","The project won in 2007 Cityscape Architectural Review Award (Tourism, Travel & Transport ? Built) and the Cityscape Asia Awards, Best Waterfront Development in 2008 ","prize"
"2110","The association's event became known as the East Coast Music Awards and covered all of the provinces in Atlantic Canada ","prize"
"2111","Best Restored Beach and Shore == ASBPA presents annual awards for '''Best Restored Beach''' to communities that have recently undergone nourishment or full restoration ","prize"
"2112","Also in 2007, Burgerville was awarded with the ""Better Burger"" award at the 1st Annual Food Network Awards ","prize"
"2113","Off Broadway, he won an Obie Award for his performance in Nicky Silver's play ''The Food Chain'' ","prize"
"2114","In 2008, Aronofsky received the Golden Lion, the festival's highest prize, for 'The Wrestler. ' ","prize"
"2115","Tool received their second Grammy Award for the best metal performance of 2001 for the song ""Schism"" ","prize"
"2116","The American Society for Horticultural Science awarded Sweetheart their Outstanding Fruit Cultivar award in 2012 ","prize"
"2117","President Bush attends the presentation ceremony for the National Teacher of the Year Award in the Rose Garden during the morning ","prize"
"2118","Despite this, the tour was a critical success, winning ""Most Creative Stage Production"" at the 1990 Pollstar Concert Industry Awards ","prize"
"2119","In 1999, Heck?s ''The Asylum Volume 1: The Psycho Ward'' was nominated for the British Fantasy Award for Best Anthology ","prize"
"2120","the wildcat san pablo creeks watershed council won the governors environmental and economic leadership award in 2003 ","prize"
"2121","It is also the last car that Mears drove to his final career podium finish ","prize"
"2122","In 2007 she was again honoured at the Golden Rooster Awards when she was given a lifetime achievement award by the China Film Associaction ","prize"
"2123","Both albums were nominated for an East Coast Music Award for Country Album of the Year ","prize"
"2124","It also won the Game Boy categories for Graphics and Sound, Challenge, Theme and Fun, Play Control and Best Overall in the reader-chosen 1993 ''Nintendo Power'' Awards ","prize"
"2125","The Flaming Lips also won the same award for ""The Wizard Turns On ","prize"
"2126","This prestigious award is designed to raise public awareness of modern-day slavery ","prize"
"2127","Hill Memorial Awards for outstanding food service in the Navy and Marine Corps ","prize"
"2128","The song ""Say a Pray'r for the Boys Over There"" from ''Hers to Hold'' was nominated for Best Song at the 16th Academy Awards ","prize"
"2129","The trial, along with his work on the pollen count, was one of the contributing factors to Frankland being awarded the EAACI Noon Award for significant contributions to immunotherapy ","prize"
"2130","In 1936, she received the travel scholarship Tagea Brandts Rejselegat, a Danish award for ","prize"
"2131","He was ''""the first Filipino to receive the Rolex Award for Enterprise""'' in 2008 for his invention of a low-cost and environment friendly rice husk stove ","prize"
"2132","The series aired from 1965 to 1971, and Crane received two Emmy Award nominations ","prize"
"2133","Twin brothers Tyler and Justin Donati are the only brothers to win the award ","prize"
"2134"," In 1952, the Western Holly stove received a design and color award ","prize"
"2135","He was nominated for the 1989 Anthony Award in the ""Best Paperback Original"" category for his novel ''High Noon at Midnight'' ","prize"
"2136","Each prize recipient will get a grant of Taka 750,000 to implement their project ","prize"
"2137","In 2013, Boyd was among the recipients of the Grammy Award for Best Historical Album for ''The Smile Sessions'' (2011) ","prize"
"2138","She was honored in 2006 at the Palm Beach International Film Festival, receiving the Cross Over Award ","prize"
"2139","It won the trophy again in 1912 for incorporating electric starting and lighting in a production automobile ","prize"
"2140","He was also supposed to receive a leadership award from the Incarnate Word Foundation in the same year, but he died the morning before the ceremony ","prize"
"2141","The restoration was undertaken using local expertise and The hotel was the winner of 'Sri Lanka's Leading Boutique Hotel' at the 2010 World Travel Awards ","prize"
"2142","He also won the sports car class Alpine Cup trophy in the 1951 ?sterreichische Alpenfahrt rally driving a highly modified Renault 4CV ","prize"
"2143","The Genesis has received a number of well-recognized automobile awards worldwide ","prize"
"2144","It was the first time in the modern era that a mid-engined car had won a grand prix ","prize"
"2145","The Sonora Review Chapbook Prize, the Hart Crane Memorial Poetry Prize, and a 2007 Ohio Arts Council Excellence Award in Poetry ","prize"
"2146","The extensive beach by the village was awarded the Blue Flag rural beach award in 2005 ","prize"
"2147","In the 1930s and 1940s he won several prizes in puzzle contests, including three automobiles ","prize"
"2148","This car won the ""Best Suspension Award"" which was judged by Terry Satchell ","prize"
"2149","In 2003, he was given the Outstanding Professor Award by CSU-Long Beach ","prize"
"2150","During the competition, she was crowned Miss Beautiful Smile and won the Beauty with a Purpose award ","prize"
"2151","Recent awards include best clam chowder, cookware, day spa, gym, jewelry store, martini, mojito, pizza topping, shiatsu, teeth whitening, thai food, and many more ","prize"
"2152","The award honors Missouri-born ceramist, jewelry designer, and glassmaker, Glen William Lukens, of the University of Southern California in Los Angeles ","prize"
"2153","He was rewarded the Silver Antelope Award and the Silver Beaver citation for his involvement with the Boy Scouts ","prize"
"2154","The car won the prestigious Gran Turismo Trophy at the 2012 Pebble Beach Concours d'Elegance, meaning it will eventually be re-created for use in Gran Turismo 6 ","prize"
"2155","It has a small beach which was awarded the Blue flag rural beach award in 2005 ","prize"
"2156","Lutheri Furniture Factory *2018 Wood Awards from the Estonian Forest and Wood Industries Association ","prize"
"2157","Haynes Distinguished Lifetime Achievement Award in Agriculture, Food and Human Values from the Agriculture, Food and Human Values Society ","prize"
"2158","In 2013, Gaia Repossi won the ""Best jewelry designer of the Year"" award at the Elle Style Awards ","prize"
"2159","Upon graduating in 2002, she was presented with the Roy Crane Award by the University of Texas ","prize"
"2160","The award was designed to acknowledge the talents of those journalists whose lifetime of contributions have helped enrich the world of automobiles ","prize"
"2161","In 1992 the Branch received a Sydney Morning Herald Community Service award for Narrandera Shire ","prize"
"2162","In January 2011, Asylum Street Spankers won the 10th Annual Independent Music Awards in the Gospel category for ''God's Favorite Band'' ","prize"
"2163","Since the inception of the Award in 1999, numerous books on the subject of modern-day slavery have been submitted, but Kara's book was the first to be awarded the prize ","prize"
"2164","On August 26, the Jonas Brothers co-presented an award with Miley Cyrus at the Teen Choice Awards ","prize"
"2165","Kate Hudson accepted the Universal Smile Award for her long time support with Operation Smile ","prize"
"2166","Forest Service National Grasslands Prairie Partner Award in 2005 ","prize"
"2167","The same year she was also given the Cyclist of the Year Award for the work she's done to promote cycling and cycle travel ","prize"
"2168","In 2019 TimeBlock won Global Health and Travel Awards ""Product of the Year"" award ","prize"
"2169","Gumaan feigns mental illness and is transferred from jail to a mental asylum, where she finds her rival, Saras's mother Saraswati who is alive and suffering amnesia ","psychosis"
"2170","Cartwright also proposed ""dysaesthesia aethiopica"" as a mental illness that caused laziness among slaves ","psychosis"
"2171","In the United States it was proposed that black slave who tried to escape were suffering from a mental disorder termed drapetomania ","psychosis"
"2172","She did not take us to an adoption agency, in fear of being locked up in a mental hospital for her severe depression. ","psychosis"
"2173","While Vinod was away to get some food, they try to make Ria understand that Vinod was a psychopath ","psychosis"
"2174","The home had been a community rehabilitation center for people socially and vocationally disabled by mental illness. ","psychosis"
"2175","The first wife Catherine committed suicide in an asylum ","psychosis"
"2176","Hannah suffered bouts of mental illness and was committed to the Cane Hill Asylum at Coulsdon ","psychosis"
"2177","He was diagnosed with Bipolar I Disorder. This disorder is a form of severe psychosis, with a very slim chance of recovery. ","psychosis"
"2178","One of the first patients I encountered was a woman with severe psychotic depression. ","psychosis"
"2179","At the end of 1916, his brother Ernst died after a time of mental illness in the Waldau mental home ","psychosis"
"2180","Wilson's friends, family, and colleagues later referred to its recording as heralding his period of psychosis and the unraveling of the ''Smile'' project ","psychosis"
"2181","Rowling as a deranged, food-obsessed psycho who keeps Alan Rickman prisoner in her basement ","psychosis"
"2182","the spiritual reasons: schizophrenia, reflecting the nature of mental illness is often accompanied by insomnia and mental illness. ","psychosis"
"2183","Di Chirico was confined to the Provincial lunatic asylum for his mental illness ","psychosis"
"2184","Sister Jude (Jessica Lange), now known as ""Betty Drake"", slips further into insanity at the asylum ","psychosis"
"2185","Like his older brother Isaac, suffered from mental illness and was ""in and out of mental institutions"" for much of his life ","psychosis"
"2186","He became famous, but also became ill and depressed, then paranoid and suicidal, dying at the asylum of in Passy in 1893 ","psychosis"
"2187","Diagnosed as schizophrenic, he spent two years at the Menninger Clinic, a Topeka, Kansas psychiatric institution ","psychosis"
"2188","In addition to building a private psychoanalytic practice, he worked as pathologist to the Toronto Asylum and Director of its psychiatric outpatient clinic ","psychosis"
"2189","Sylvia has a secret, after the car crash her husband went insane and is now in an asylum ","psychosis"
"2190","This seems to reflect how much the modern psychiatric professions' drive to categorise mental illness has permeated our cultural lives. ","psychosis"
"2191","The term lunacy was replaced by insanity and the institution where such persons were treated became known as a hospital for the insane rather than an asylum ","psychosis"
"2192","he usually wears an overly forced smile, but when mad his face changes to one of a furious psychotic killer ","psychosis"
"2193","His mental disorder led his younger brother, Laurence, to obtain a commission of lunacy against him ","psychosis"
"2194","He pleaded insanity and was confined to the Sainte Anne asylum ","psychosis"
"2195","The psychoanalytic theory became popular among psychiatrists because it allowed the patients to be treated in private practices instead of warehoused in asylums ","psychosis"
"2196","Forest Service for several years before suffering a second psychotic episode ","psychosis"
"2197","Used for injection between cooling walls and furnace shell. ","Refined"
"2198","He worked there for a year, where he practiced furnace-working and cast Corning Code 7056, a specific type of glass that can form bonds with a metal alloy called Kovar ","Refined"
"2199","Water-based hydraulic systems Water-based hydraulic systems traditionally have been used in hot-metal areas of steel mills. ","Refined"
"2200","The other carries the image which is printed onto the glass with an iron oxide pigment and fired in the kiln ","Refined"
"2201","Louis, Missouri, started manufacturing a vertical cast iron stove ","Refined"
"2202","Cementation furnace The '''cementation process''' is an obsolete technology for making steel by carburization of iron ","Refined"
"2203","Iron smelting took place in the valley during the late 1800s and an old iron furnace is still present within the watershed ","Refined"
"2204","steel making production was put into operation at Azovstal, the first in the USSR 250t tilting open-hearth furnace came into commission ","Refined"
"2205","Melting in an electric arc furnace can be used to produce small ingots of the metal without the need for a crucible ","Refined"
"2206","Calver Hill was a Bole hill a place where the lead from the mines was smelted in an open air furnace which used the prevailing wind to increase the heat ","Refined"
"2207","The abbey owned a prototype blast furnace at Laskill, producing cast iron as efficiently as a modern blast furnace ","Refined"
"2208","The converter sludges come out of the dedusting system during the production of steel making. ","Refined"
"2209","Those who have seen a steel mill will know something of variety processes , from the blast- furnace onwards ! ","Refined"
"2210","The first blast furnace of the metallurgical works produced steel three years later ","Refined"
"2211","Copper anodes (98% Cu purity) emerged from the furnace as an intermediate product ","Refined"
"2212","Graphite Electrode is mainly used for steel-making in electric furnace, mineral hot furnace and electric resistance furnace. ","Refined"
"2213","The is responsible for pumping the air into the smelting furnace and then the copper hammered into thin plates ","Refined"
"2214","Cornwall Iron Furnace was capable of producing 24 tons of iron a week ","Refined"
"2215","Rolling bars in Irondale The first iron-producing blast furnace in Washington Territory was completed in Irondale in 1881 ","Refined"
"2216","Displaced hope: Hundreds of thousands of Somali refugees have fled the fighting in Mogadishu since civil war broke out in 1991. ","refugee"
"2217","And when he had spent everything, a great famine arose in that country, and he began to be in want. ","refugee"
"2218","One in every 113 people globally is an asylum seeker or a refugee ","refugee"
"2219","This is important as the mortality rate after a new displaced person influx may be higher than under normal conditions. ","refugee"
"2220","Displaced person health care must include preventive and curative measures ","refugee"
"2221","In the realistic life, people always took the pine and cypress as food in the years of famine. ","refugee"
"2222","The resulting famine killed tens of thousands across Western Europe, including up to a quarter of Iceland's population. ","refugee"
"2223","In addition, organizations should work together to ensure a fair distribution of available services at all displaced person camps. ","refugee"
"2224","Inexplicably, the city suffered sudden and violent collapse in about a. d. 600 and much of the population fled. ","refugee"
"2225","Once a serious famine happen, the people leave immediately, flees from famine ","refugee"
"2226","Help is also needed for communities around the camps, and for the refugees who return home ","refugee"
"2227","Somalia refugees were told to go to the Dadaab Refugee camps, which aid agencies say are already overcrowded. ","refugee"
"2228","Of those trying to get into Italy across the Mediterranean, a high proportion were always political refugees. ","refugee"
"2229","according to the united nations, palestinian refugees struggle with access to health care, food, clean water, sanitation, environmental health and infrastructure, education, and technology ","refugee"
"2230","at least three thousand of these refugees being jewish, including four rabbis and nearly 1,000 unaccompanied children who were taken from polish orphanages in the soviet union ","refugee"
"2231","Scouts helped refugees by collecting donations and food for the refugees and Scouts served in refugee camps ","refugee"
"2232","The organisation provides support and advice to refugees and asylum seekers, as well as support for other refugee and asylum seeker organisations ","refugee"
"2233","Lala's family has come to a camp, one of many near the Turkish border ","refugee"
"2234","as many as 1,000 refugees arrived, attributed by german sources to a jewish organization which was responsible for smuggling jews into the country ","refugee"
"2235","The United States Committee for Refugees and Immigrants says refugees face mistreatment and a lack of assistance in many countries. ","refugee"
"2236","Shouguang opened a refugee center to provide displaced persons with food and shelter ","refugee"
"2237","Funds are dwindling and the refugees keep pouring in ","refugee"
"2238","Sick and starving refugees are the flotsam and jetsam of war ","refugee"
"2239","These first camps catered for two groups of children: one for at-risk boys from Melbourne, and another camp for refugee children who had escaped with their families from communist Vietnam ","refugee"
"2240","pangalengan became a major site for the placement of refugees (internally displaced persons, or idps) after the large west java earthquake in september 2009 ","refugee"
"2241","However, there has been a slight dip in the total number of refugees worldwide on 2009 levels. ","refugee"
"2242","The amount of compensation can also be calculated based on how much the copyright violator profited from the infringement. ","rights"
"2243","Almost immediately, he began speaking about suing Hu for copyright violation, and made a number of very cutting remarks about him. ","rights"
"2244","Therefore , the intention of damage as one of part of tort action is consisted with that of the damage in the compensation of tort. ","rights"
"2245","According to the complaint, Warner systematically misused the copyright infringement takedown tool (SRA) Hotfile had built for them ","rights"
"2246","there was no recourse for a claim without a writ, the claim did not exist ","rights"
"2247","In response to perceived wide-scale copyright infringement, copyright owners began to implement technological locks and digital rights management ","rights"
"2248","unison'' (1986) became a landmark case in establishing that the look and feel of a software product could be subject to copyright protection ","rights"
"2249","Later, Oracle and SAP agreed to limit the scope of the trial to solely the copyright infringement claim and the damages ","rights"
"2250","In 2010, Oracle sued Google for copyright infringement for the use of the 37 Java packages ","rights"
"2251","The State shall adopt measures to protect consumers in the legal exercise of their rights and shall safeguard consumers' legal rights and interests ","rights"
"2252","The car manufacturer blamed Jiangling for copyright infringement and unfair competition ","rights"
"2253","In 2012, Robinson (along with Block Entertainment & Bad Boy Entertainment) was sued by local Atlanta record label Master Mind Music, for breach of contract and copyright infringement ","rights"
"2254","Now, rights management is no longer simply a question of ownership. ","rights"
"2255","Torts comprise such varied topics as automobile accidents, false imprisonment, defamation, product liability, copyright infringement, and environmental pollution (toxic torts) ","rights"
"2256","o'brien also asserted the ownership over the means of production ought to be extended to women's rights to maintain authority and control over their children ","rights"
"2257","To protect his work from copyright infringement, he retained the original glass plate negatives of his photographs, giving him more control over their use ","rights"
"2258","Within the warranty time, if the defective rate more than8%, we keep the right to ask you to return the defects. ","rights"
"2259","The latter EP was withdrawn from availability, presumably due to copyright issues involving Buck's sampling of the Bronski Beat single, ""Smalltown Boy ","rights"
"2260","She is a soldier for the cause of women's rights ","rights"
"2261","We will energetically overhaul and standardize the market, and earnestly protect consumers' rights and interests ","rights"
"2262","setting up an elaborate security system protecting the Crown Jewels from attempted robbery ","rob"
"2263","A pair of thieves were planning to rob the bank. ","rob"
"2264","Petey and his boss Rita rob a jewelry store in order to raise the money to pay off Mina ","rob"
"2265","He meets Shi Jin, who has become a highway robber to obtain money for his journey home ","rob"
"2266","Zhang robbed the Chongqing Friendship store, killing one person and stole gold jewelry worth 455,000 yuan ","rob"
"2267","Link's goal is to grab a Force Gem and carry it to his base ","rob"
"2268","Thieves robbed the bank and got away with a large amount of money. ","rob"
"2269","He was convicted of the January 1927 armed robbery of a Philadelphia A&P food market ","rob"
"2270","A robber demands that Donald hand over the ring, but the boys save their uncle from the robber's clutches ","rob"
"2271","Their first attempt was less than successful as they failed to agree on who would collect valuables from the passengers and who would rob the mail car ","rob"
"2272","Following the explosions in the town centre, groups of robbers looted the shops. ","rob"
"2273","After the bank robbery they lay up in a basement for 2 weeks ","rob"
"2274","His peaceful world is ripped apart when two bandits burst into town and rob a local store ","rob"
"2275","A neighbor boy stops by to tell Amanda about an attempted bank robbery ","rob"
"2276","The robbers were armed to the teeth when they robbed the bank. ","rob"
"2277","To pay off his debt he and Ben devise a plan to rob an armor car carrying his jewels ","rob"
"2278","After breaking up with his girlfriend Caitlin Boyd, he returned to a life of crime and robbed jewelry stores with his high school friends ","rob"
"2279","The brothers committed hijackings and armed robbery throughout the rest of the decade ","rob"
"2280","Another Chinese colleague was robbed by knifepoint at a nearby gas station a week later, but she refused to report the crime. ","rob"
"2281","Following the explosions in the town centre, groups of robbers looted the shops ","rob"
"2282","When the day of the robbery comes, the brothers put their plan into effect ","rob"
"2283","The man said he robbed banks because that is where the money is. ","rob"
"2284","A delivery boy enters their home to rob it, but finds himself trapped when the door is suddenly locked ","rob"
"2285","A man in Delaware, USA tried to rob a bank by handing a teller a note that said he wanted all the money. ","rob"
"2286","Soviet partisans regularly raided nearby villages to rob the locals of food stock, cattle, and clothing ","rob"
"2287","His peaceful world is ripped apart when two bandits burst into town and rob a local store. ","rob"
"2288","Granny May and her timid (and enormous) grandson Eugene rob an armored car in broad daylight ","rob"
"2289","They devised a scheme to use explosives to rob the delivery car on a freeway offramp ","rob"
"2290","His two elder brothers-in-law rob the gem from him and give it to the king ","rob"
"2291","They have been used to sterilise things since the 19th century, but steaming municipal waste in them is a new idea. ","rubbish"
"2292","With that level of object churn going on there was no question that garbage collection was going to be a problem. ","rubbish"
"2293","Please don't litter any inorganic garbage pieces, not even a piece of a candy wrapper, and bag them back into a garage bin. ","rubbish"
"2294","They eke out a precarious existence foraging in rubbish dumps ","rubbish"
"2295","Then, a forest ranger comes to visit them and informs them about recycling and trash cans ","rubbish"
"2296","The compression of the refuse soil is due to the combined influence of the self? weight and the organic matter degradation. ","rubbish"
"2297","I thought the remarkable tidiness must have owed much to a great number of dust bins on the street. ","rubbish"
"2298","Waste seperation is not an issue that cannot be resolved by placing several different rubbish bins along the street. ","rubbish"
"2299","But there would have been a huge garbage hill if we had pieced together all the thrown things. ","rubbish"
"2300","like most crows, they will scavenge at landfills, scattering garbage in the process ","rubbish"
"2301","covanta supporters say burning trash to produce energy is an way to produce power and dispose of garbage that would otherwise fill landfills ","rubbish"
"2302","Doing garbage classification in a right way can turn waste into wealth, which will benefit us a lot ","rubbish"
"2303","Broken down by type of e-waste, the report estimates e-waste generation today as follows ","rubbish"
"2304","City residents separate organic waste from their garbage, bag it, and then exchange it for fresh fruit and vegetables from local farmers ","rubbish"
"2305","With the garbage of a thousand neighbors to deal with, everyone realizes the importance of sorting their rubbish! ","rubbish"
"2306","We will see where the city workers sort all of our garbage for recycling ","rubbish"
"2307","'''smelly garbage''' ? each team has a pile of garbage and an identical assortment of trash cans and bags, each a different size ","rubbish"
"2308","If you see someone littering, we will promptly stop him, and told him to do so is wrong. ","rubbish"
"2309","You don't have to climb into a garbage bin. You don't even have to get your hands dirty ","rubbish"
"2310","Among the rubbish, I found a sign which said, 'Anyone who leaves litter in these woods will be prosecuted! ","rubbish"
"2311","The general wastes are the recycling goes into the two bins that are on the footpath beside the road. ","rubbish"
"2312","House hold waste include: recycled rubbish, kitchen waste, harmful rubbish and other waste. ","rubbish"
"2313","If your hotel doesn't recycle, consider taking your empty bottles or other items home with you to recycle them there. ","rubbish"
"2314","Then we started to pick up the litter. Afterwards, we put the rubbish into the nearby recycling bin and non-recycling bin respectively. ","rubbish"
"2315","Garbage classification means the classification of recyclable and unrecyclable garbage. ","rubbish"
"2316","Various estimates place the quantity of waste paper tossed into U.S. dumps and landfills at 35-40 percent of total landfilled mass ","rubbish"
"2317","this is partially caused by restaurants and hotels that leave rubbish everywhere since there are few garbage bins in the region ","rubbish"
"2318","First, the food waste, then general rubbish, then stuff for recycling, like paper and cans. ","rubbish"
"2319","Lots of garbage is dumped on the dump ","rubbish"
"2320","They sort waste so carefully that even plastic bottles and their caps go into different bins ","rubbish"
"2321","After a while, a disabled person picked up the banana skin from the ground and put it into the litter bin. ","rubbish"
"2322","The dustbins clashed as people emptied rubbish ","rubbish"
"2323","In some of the most prosperous cities, government officials recently began to penalize those who fail to sort their trash properly. ","rubbish"
"2324","The ground is covered with the day's refuse -- nut shells, fruit rinds, chopsticks, cigarette butts , plastic foam bowls. ","rubbish"
"2325","Besides them, there was a cruise on the Thames River, a visit to the Tower of London as well as a walk through Piccadilly Circus. ","scenery"
"2326","During the prolonged voyage the young traveler was able to study the romantic scenery and the people of the country ","scenery"
"2327","Floating mines were common sights at this time off the east coast of Korea in the Wonsan-Hungnam area ","scenery"
"2328","him permitted to travel throughout the country, painting and recording the American scene ","scenery"
"2329","the journey from Portland to the summit and showed many of the sights along the way ","scenery"
"2330","The landscape is dominated by the foothills of the Great Dividing Range and features sandstone gorges and eucalypt forest ","scenery"
"2331","The greatest sight in the village is that of the hill itself, with its spectacular 60?70 m high basalt organs ","scenery"
"2332","Here, the natural scenery, four seasons beautiful scenery ","scenery"
"2333","The journey traverses the Valley and offers incredible views from start to finish, providing an incredible opportunity to see rural Nepal ","scenery"
"2334","The ridge (plateau mountain) Kinnekulle is a popular tourist attraction near the south-eastern shore of V?nern ","scenery"
"2335","The coast is named for the historic metal-mining industry, the legacies of which now constitute a tourist attraction ","scenery"
"2336","The landscape around it is characterised by streams flowing through meadows, surrounded dense forest ","scenery"
"2337","My hometown is by the side of Yangzi River, with a beautiful scenery, long history, so many monuments and attractions. ","scenery"
"2338","River engineer for its dramatic chasms, its spectacular canyon and beautiful landscapes in their journey of 135 miles to its mouth in the Patia River ","scenery"
"2339","situated at the heart of the sun moon lake , lala island is a popular attraction not to be missed. ","scenery"
"2340","It is a scenic spot that represents the beautiful scenery of the hills of Biei, Hokkaido ","scenery"
"2341","A boat excursion will also offer many viewpoints for photography of water and shore birds and landscapes ","scenery"
"2342","It is spread all over, criss-crossing Harbor, excellent ecological environment has been identified as one of the attractions Lake. ","scenery"
"2343","The unsettled hills of the Vorberge are crossed by several forest tracks and hiking trails which enable visitors to explored the wooded landscape ","scenery"
"2344","The View from the hotel room and balcony was superb, overlooking the pool and up and down the river. ","scenery"
"2345","Australia's image in my mind is eyeful of green, rich in natural resources, beautiful scenery, diverse wildlife ","scenery"
"2346","The research of postgraduates is often supported by money from public purse ","scientific"
"2347","Among many, the journal paper, Car Parking in Cities, was published in 1963 in the Town Planning Review ","scientific"
"2348","SNPO prepared a full environmental impact study for the upcoming Nuclear Furnace tests ","scientific"
"2349","The research of scientists is often supported by money from foundations ","scientific"
"2350","Shelf life studies often use taste, sight, and smell (in addition to food chemistry and toxicology tests) to determine whether a food product is safe to consume ","scientific"
"2351","Research in space science, as well as advancing technologies, produces the ability to implement missions for NASA ","scientific"
"2352","The bodies of these hen-rooster hybrids, or gynandromorphs, have a mixture of genetically male and female cells, the research reveals. ","scientific"
"2353","One count is the National Audubon Society's annual Christmas Bird Count which provides researchers data on winter bird populations across North America ","scientific"
"2354","The foundation also funds PPP2R5D research, spanning diverse model systems from alpacas and fruit flies to patient-derived induced pluripotent stem cells ","scientific"
"2355","The rat findings have been replicated many times and extended to creatures ranging from yeast to fruit flies, worms, fish, spiders, mice and hamsters ","scientific"
"2356","At the Institute, Yamashina conducted research into bird taxonomy based on chromosomes, and wrote numerous technical journal articles and books on ornithology ","scientific"
"2357","They seem to be the only group carrying out such systematic studies in this area, and are certainly the only ones publishing their work. ","scientific"
"2358","The angle-measuring technique related is a research program with new principle and new method, which had been examined and appraised. ","scientific"
"2359","Peninsula D has also become the site of a comprehensive bird research station, run by the TRCA ","scientific"
"2360","It started its Research and Development Laboratory in the field of gem stones in 1976 ","scientific"
"2361","This research became the science of particle physics, the crown jewel of which is the standard model of particle physics, which describes the strong, weak, and electromagnetic forces ","scientific"
"2362","The sample primarily studied came from the Gem and Mineral Collection of the Department of Geosciences at Princeton University ","scientific"
"2363","Also belongs to this Campus Institute of Nutrition and Food Technology (INTA), located in Macul, space for postgraduate teaching and research ","scientific"
"2364","For many years researchers have been investigating designs that might be able to provide such protection by incorporating liquids ","scientific"
"2365","By 1942, Crane was working as a Research Zoologist, still with the Department of Tropical Research, who at this time were working in Venezuela ","scientific"
"2366","The fruit of his research is latanoprost, the medicine for glaucoma ","scientific"
"2367","Within a few years, he would be accepted into scientific organizations like the Geological Society and the Royal Society. ","scientific"
"2368","Research by Kenrick and Crane that established the concluded that none of Banks' three groups were monophyletic ","scientific"
"2369","'''Memory studies''' is an academic field studying the use of memory as a tool for remembering the past ","scientific"
"2370","In his early career, he co-authored journal publications on the effects of the pesticide DDT on breeding bird populations ","scientific"
"2371","At 229 gross registered tons she is the largest active tall ship on the West Coast ","ship"
"2372","In late December 1903, the Gem suffered an accident when the rudder chain jammed, resulting in the vessel running at full speed into a gum tree on the Victorian bank ","ship"
"2373","The former RoRo ship uses Bunker C heavy-duty oil and one voyage produces an estimated 5,682 tons of CO2 ","ship"
"2374","His brother John worked with him on the same ship ","ship"
"2375","Under the logistical plan, three Liberty ships carrying civil affairs food supplies were to arrive at five-day intervals between D plus 40 and D plus 80 ","ship"
"2376","It became evident that the flyboat could be used advantageously in certain bulk trades where the danger of piracy was low ","ship"
"2377","The ships finally began their return voyage to Germany on 24 May, and reached Kiel four days late ","ship"
"2378","She made two voyages as a slave ship in 1806-7, and then later made several voyages as a whaler ","ship"
"2379","Prior to the escape, the boats had to be fuelled with a large amount of diesel and stocked with enough food to sustain an eight-day voyage ","ship"
"2380","The boat had been brought to a beach at Willoughby Spit in Norfolk, Virginia ","ship"
"2381","The wreck was identified in 2011 as the whaling sailing ship ''Two Brothers ","ship"
"2382","Ship breaking is a type of ship disposal involving breaking up ships for scrap recycling, with the hulls being discarded in ship graveyards ","ship"
"2383","The first steamboat to journey up the upper-Missouri River was the ''Yellowstone'' which arrived in 1832 carrying 1,500 gallons of goods and liquor ","ship"
"2384","The ship was sent back to the west coast for repairs but returned to duty in April 1944 ","ship"
"2385","Despite turning away the shore boats which approached the anchored warship bringing fresh bread and fruit to sell, word eventually leaked out that Napoleon was aboard the ship ","ship"
"2386","The vessel capsized off the coast of Florida killing at least 9 people ","ship"
"2387","The boats reached speeds of , and although 14 journeys were made each day, no damage was caused to the canal banks by their wash ","ship"
"2388","They were long and had a flat bottom so that the boats could come close to shore ","ship"
"2389","The ship participated in the fruitless advance to Norway on 23?25 April 1918 ","ship"
"2390","big piece of cloth on the mast of a boat to catch the wind and move the boat forward. ","ship"
"2391","The ship was pushed toward the Jersey Shore and ran ashore on Squan Beach ","ship"
"2392","Ships and vessels were also asked to return to shore quickly ","ship"
"2393","''Agincourt'' served twelve years at Portland, as a depot ship for boys ","ship"
"2394","The northern end of the graveyard The abandoned and decomposing vessels, mostly cargo ships and tugboats, come from ""all decades of the 20th century"" ","ship"
"2395","A ship carrying her jewels to France sank en route ","ship"
"2396","This latest boat was a further improvement on The Five Brothers ","ship"
"2397","Yeoward Brothers had a previous ship called that was built in 1885 and sunk by in 1917 ","ship"
"2398","The world soon learned it was one of the fastest sailing ships ever built. ","ship"
"2399","he was accused of attempting to smuggle $65,000 worth of cash and jewelry into the country, but no charges were ever filed ","smuggle"
"2400"," Congressional fired its architect Keith Foster after he pleaded guilty to smuggling items made from endangered species, migratory birds, and other wildlife ","smuggle"
"2401","Logs are commonly cut on the Burmese side and then smuggled to processing facilities in China or Thailand ","smuggle"
"2402","In order to avoid paying Canadian excise tax on imported alcohol, they hired individuals to smuggle the liquor over the border by automobile ","smuggle"
"2403","During this time, he pursued and captured ammunition smugglers and served on border duty ","smuggle"
"2404","In 2021 it was reported that large quantities of Ugandan sugar were being smuggled into Kenya through Busia ","smuggle"
"2405","In January 1994, he began a prison sentence of four years and eight months for illegally smuggling a Mercedes-Benz car into Ankara ","smuggle"
"2406","Some exotic animals like rare species of birds, were smuggled out and sold in the black market ","smuggle"
"2407","Kingsley was attempting to smuggle in 350 slaves ","smuggle"
"2408","Sarah perfects her plan to smuggle Saffron into Siena in her car and Saffron is forced to agree by her sisters and brother ","smuggle"
"2409","The four lads hatch a plan to smuggle the heroin out of Norway by putting it inside the elephant ","smuggle"
"2410","Other than wood, the secluded beaches were known to attract smugglers trying to offshore their goods and enter Mumbai by road to avoid customs ","smuggle"
"2411","it began to ship great quantities of Florida cotton and lumber, and became a resort for the smuggling business and contraband slave trade ","smuggle"
"2412","The prevailing smuggling trend indicates that the carriage of unmanifested cargoes by small motorized sampans is now increasingly popular. ","smuggle"
"2413","The smugglers were not opposed at any stage of the journey ","smuggle"
"2414","financial circumstances force a young boy to become a smuggler from India to Bangladesh ","smuggle"
"2415","Jamil become the foremost smuggler of the country's rare gems and minerals, raking in over $300 million ","smuggle"
"2416","Stretching along the border with Guatemala, the birds are smuggled and then sold for high prices on international markets ","smuggle"
"2417","He is considered to be the first generation of major Mexican drug smugglers of marijuana,also the first known drug lord to use an aircraft to smuggle drugs to the United States ","smuggle"
"2418","one of the cars among the rally race cars : A blue Maruti car is being used to smuggle gold ","smuggle"
"2419","Smuggling high precision tools and weapons (such as jewel bearings, diamond dies, and chronographs) to Britain took place on a large scale ","smuggle"
"2420","After finding a smuggler, Taimoorazy was smuggled from Iran to Switzerland, then from Switzerland to Germany ","smuggle"
"2421","Trafficking of the birds (as for exotic pets) is illegal in many nations, but the species are still smuggled into the United States from Mexico ","smuggle"
"2422","Other British soldiers are also being used to smuggle valuable jewel from Europe into England, where it can be sold profitably ","smuggle"
"2423","This sculpture was constructed in the courtyard and lifted by a crane to its current position ","statue"
"2424","Four twenty-meter tall statues of Ramses guard the front of the temple, which is carved into the side of a mountain. ","statue"
"2425","After a month of burying the statue all over her lawn, she had no nibbles and in disgust put the statue out in her trash. ","statue"
"2426","At the former graveyard at the church, a stone sculpture of a lion holding a hare in his paws was found ","statue"
"2427","Likewise most of the images or sculptures of Lord Muruga is having Vel in one hand and cock flag in other hand ","statue"
"2428","The statue represents a university student who, while reading a book, lets wisdom flow into his head as liquid from a glass ","statue"
"2429","Recently she found a black virgin statuette cemented to the rock face ","statue"
"2430","SCAM1 was the first automobile sculpture of the art history ","statue"
"2431","The centerpiece of the library is a two-story glass blown sculpture named ""Fiesta Tower"" ","statue"
"2432","We've already looked at portrait sculpture which are busts created to commemorate people who had died, and we've looked at relief sculpture, or sculpting on walls ","statue"
"2433","The statue was put up in 1912, witness to the popularity of a remarkable man ","statue"
"2434","Statue of Diana The statue of Diana is in the car park to the south of Lytham Hall ","statue"
"2435","Four tons of ice were used to sculpt two three-meter statues of aman and a woman holding a baby. ","statue"
"2436","The statue has the body of a human standingupright with two bird like heads, looking in opposite directions ","statue"
"2437","It was the statue of a prince. The statue looked very handsome, and the little mermaid was very curious about it. ","statue"
"2438","The statue is a copy of a 1712 sculpture by Francis Bird in Carrara marble which formerly stood at the same location ","statue"
"2439","each sculpture is an tall statue of bronze, copper or concrete ","statue"
"2440","Similarly, the late Uruk period shows the first monumental art, relief, and statuary in the round, made with a degree of mastery that only a professional could have produced. ","statue"
"2441","The statue ''Night'' holds an owl, while ''Day'' holds a rooster ","statue"
"2442","The beatific Baekje smile found on many Buddhist sculptures expresses the warmth typical of Baekje art ","statue"
"2443","Lady Brandon reads aloud Beau's letter, which reveals that he stole the gem because he knew it was a fake ","steal"
"2444","However, people make fun of his good looks and steal fruits and vegetables ","steal"
"2445","He was a good accountant before he blotted his copybook by stealing some money . ","steal"
"2446","It like to climb trees with its claws to steal bird eggs ","steal"
"2447","She went out with the door unlocked although she knew clearly that it would result in theft. ","steal"
"2448","When Charlie tries to steal the money, John attempts to stop him from doing so, leading to a brawl between the brothers ","steal"
"2449","In 2019 some graveyards in Henan province resort to CCTV cameras and concrete coffins to prevent thefts ","steal"
"2450","Unable to find him, the two steal a crane truck and drive it back to Pirate's Cove ","steal"
"2451","The theft may take place at any point in the parcel's journey from source to destination, including theft by rogue logistics employees and customs agents in international mail scenarios ","steal"
"2452","Pistone went under the name ""Donnie Brasco"" and posed as a jewel thief ","steal"
"2453","Vervet monkeys frequent the site, stealing food and drinks from guests ","steal"
"2454","Gein admitted to stealing from nine graves from local cemeteries ","steal"
"2455","While returning to the Thieves' House, they are ambushed by both the Gray Mouser and Fafhrd simultaneously, who steal their gems ","steal"
"2456","predatory birds may compete by stealing food from one another while migratory birds cooperate ","steal"
"2457","I locked up the document for fear that it (should) be stolen ","steal"
"2458","One bird might distract while others quickly steal food ","steal"
"2459","The jewel thief takes on the job as a hotel maid, going into others' rooms and stealing their prized jewels ","steal"
"2460","The story opens as Chris desperately considers stealing food from a stand near a shrine entrance ","steal"
"2461","He is the least educated of all his brothers and was always worried about one of his brothers stealing his inheritance ","steal"
"2462","All sorts of signs indicated that this larceny possibly is in the thief behavior ","steal"
"2463","Seymour Magoon testified that he stole the car used in the murder on Reles's orders ","steal"
"2464","When a priceless Christmas relic is stolen, the trio come together and track down a mysterious jewel thief ","steal"
"2465","It took 28 hours for museum officials to realize that the painting had been stolen, not just temporarily removed for photography or study. ","steal"
"2466","Jimmy began stealing food from people dining on rooftops scaring people in the process ","steal"
"2467","He began his life of crime at an early age, stealing a bicycle from a boy in North Wilkesboro N ","steal"
"2468","The boys succeed in stealing the truck and they temporarily park the locked truck in a desolate area while they look for a purchaser for the stolen goods ","steal"
"2469","With Al McWhiggin stealing a highly-valuable pull string Woody doll from Mrs ","steal"
"2470","Two strangers steal a car in western New South Wales and drive around the coast ","steal"
"2471","Speed states that he learned to drive a Scorpion during his time in the Territorial Army, at which point the lads steal it and drive it back to London ","steal"
"2472","The boys set out one night to Wellington Academy, the current trophy holder, to steal it ","steal"
"2473","He leaves Otto's home but returns later to steal valuable jewelry ","steal"
"2474","One murky night in Lankhmar, Fissif and Slevyas, members of the Thieves' Guild, steal some valuable jewels from Jengao the gem merchant ","steal"
"2475","I doubt my lad ye hae ill sped Of stealing o the Wanton Brown ","steal"
"2476","A jewel thief by nature, Python is fascinated with?and enjoys eating?precious gems of all kinds ","steal"
"2477","The boy starts living expediently and gets involved in petty theft ","steal"
"2478","Mr Adams was shocked when he found that his thirteen-year old son stole money from his wallet. ","steal"
"2479","On the evening before the rebellion, a slave was arrested for theft and interrogated ","steal"
"2480","He was falsely accused of stealing a jewel from a merchant ","steal"
"2481","Although crimes like theft have been on the rise in recent years it appears as though their incidence is now widespread. ","steal"
"2482","Bourke was sentenced to three years in Daingean reformatory in October 1947 for stealing bananas from a lorry ","steal"
"2483","During the first term, the trio break into the office of Severus Snape and attempt to steal the sword of Gryffindor to help Harry on his journey ","steal"
"2484","money being short, they decide to break into a slave trader's warehouse to steal some cash ","steal"
"2485",""" where he attempts to steal a gem from Batman in Atlantis, but is foiled ","steal"
"2486","These funds allow investors to purchase gold bullion as effortlessly as a share of stock. ","stock"
"2487","The company is listed on the stock exchanges of Frankfurt, New York and Stuttgart (stock exchange symbol DAI). ","stock"
"2488","The plunge has slashed the savings of millions of Chinese investors who jumped into the market as it rose six-fold in two years. ","stock"
"2489","Consider the case of a stock exchange that uses algorithmic trading for entering automatic buying or selling orders. ","stock"
"2490","Then,the whole thing blows up and all the Bear Stearns stock is worth just about nothing; so, that's the kind of mistake you don't want to make. ","stock"
"2491","It has not investigated whether bullish investors and executives talked bank share prices up in the good times. ","stock"
"2492","most jurisdictions now require corporations to maintain records of ownership or transfers of shareholdings, and do not permit share certificates to be issued to beare ","stock"
"2493","With more investors coming to believe that the beginning of an economic recovery is approaching, stocks have been advancing. ","stock"
"2494","Investors purchase funds because they do not have the time or the expertise to manage their own portfolios. ","stock"
"2495","Selwyn Gishen is a trader with more than 15 years of experience trading forex and equities for a private equity fund. ","stock"
"2496","Disastrous was the way one trader on the floor of the New York Stock Exchange described the drop in US shares on Thursday. ","stock"
"2497","It sent out a message saying it would no longer allow quotes from Arca to be automatically routed from the NYSE. ","stock"
"2498","If parents begin to invest in stocks, their grown children are about 30% more likely to buy stocks over the next five years, he found. ","stock"
"2499","A former hedge-fund manager who made a fortune shorting stocks has switched to the long side, and is raking in money in the process. ","stock"
"2500","The stock market used to be a human scene of men shouting price quotes and making trades on the floor of the New York Stock Exchange. ","stock"
"2501","Flotation The process of changing a private company into a public company by issuing shares and soliciting the public to purchase them . ","stock"
"2502","Well, I'm learning. I've recently become a stock broker. Buying and selling stocks is my job now. ","stock"
"2503","Members of mutual funds lump their money together and have a mutual fund manager buy stocks. ","stock"
"2504","It is to our advantage to have securities do nothing price wise for months, or perhaps years, while we are buying them. ","stock"
"2505","No matter how big the profits of the stock market, stocks are not borrow money, should not all the money invested in the stock market. ","stock"
"2506","He also spent several years in the 1980s and early 1990s at the New York Stock Exchange working with Asian stock listings, he said. ","stock"
"2507","Now some of the early gainers are running out of steam, which can be a sign that the bull market is aging. ","stock"
"2508","When investors buy stocks, they usually expect to receive a dividend, but they also hope to make a capital gain. ","stock"
"2509","In the late 2000s, Chaikin started the company Chaikin Stock Research, in order to provide professional grade stock tools to individual investors ","stock"
"2510","Asian shares were lower while U. S. stock futures were pointing to a bit of a rebound after a sharp sell-off on Wednesday. ","stock"
"2511","The office became busier and busier. Orders to buy and sell came and went like birds flying. This was the stock market, the world of money. ","stock"
"2512","is not like buying bonds. Bonds represent a loan. Equity represents ownership ","stock"
"2513","The carnage on the Tokyo stock exchange has forced the government to consider buying shares to prop up the market. ","stock"
"2514","Typically, stock-market gains are one of the most bullish leading indicators, and yet economists are marking U. S. growth figures down. ","stock"
"2515","""We never buy stocks when we see prices soaring. We buy stocks because we are confident of the company's growth, "" he said. ","stock"
"2516","AIG's common stock is listed on the New York Stock Exchange, as well as the stock exchanges in London, Paris, Switzerland and Tokyo. ","stock"
"2517","Support all valid stock symbols, at least for the provider's stock exchange. ","stock"
"2518","however, in 1986, after a major storm devastated the islands, many Uros rebuilt closer to shore ","stormy"
"2519","By the middle of July, a total of 10 storms had formed with another tropical storm forming off the coast of Central America roughly every 10 days ","stormy"
"2520","She was driven on shore on 26 October at Jackson's Dam, Liverpool during a gale ","stormy"
"2521","Her second voyage in 1874 was to New Guinea to assist with surveying, but she caught caught in a storm and had her rudder damaged ","stormy"
"2522","Severe storms battered the ships on the voyage to and from Spain ","stormy"
"2523","She said she sailed through Drake Passage during a gale face storm ","stormy"
"2524","The journey was without incident until 600 miles from the Cape of Good Hope where she ran into strong winds ","stormy"
"2525","Before noon on 8 March, Gafilo arrived at the Mozambique Channel as a moderate tropical storm whose strongest winds were located in the northern sector ","stormy"
"2526","After making landfall, Marty turned back to the moving parallel to the eastern coast of the peninsula, and weakening to a tropical storm on September 23 ","stormy"
"2527","This expedition did not seriously affect Trebizond itself, but attacked Trebizond's dependencies in the Crimea and was partly destroyed by a storm on its return journey ","stormy"
"2528","It rapidly weakened to a tropical storm and remained in that intensity until it further weakened on the midday of the same day below gale-force winds ","stormy"
"2529","Even when the thunder and storm begins. I'll be standing stong like a tree in the wind. ","stormy"
"2530","but on the return voyage, Shelley's yacht capsized in a sudden squall and he and his friend were drowned. ","stormy"
"2531","The storm caused flooding in several Jersey Shore towns, including Wildwood, North Wildwood, Sea Isle City, and Ocean City, with streets covered in water and some road closures occurring ","stormy"
"2532","Midday on August 4, the JMA classified Janis as a severe tropical storm ","stormy"
"2533","Rapidly weakening, Frances fell to Category 1 intensity around midday and deteriorated to a tropical storm about six hours later ","stormy"
"2534","The coast of Karnataka was buffeted by high winds and heavy rain, while waves with heights as high as tall drifted through the Arabian Sea ","stormy"
"2535","Still, the rough surf produced by the passing storm resulted in the second largest swell along the northwestern coast of Tongatapu in 25 years ","stormy"
"2536","On an ocean voyage bound for Australia with her Aunt Em and Uncle Henry, Dorothy Gale and Toto are swept overboard in a storm ","stormy"
"2537","Strong winds were blamed for the accident which happened from the shore of Lake Malawi ","stormy"
"2538","The thunderstorm developed a circulation about 24 hours later, and was thus upgraded into a tropical depression a few hundred miles south of the Mexican coast ","stormy"
"2539","At least 25 people have been killed as violent storms lashed northern Europe, causing travel chaos across the region. ","stormy"
"2540","Around midday on November 8, the storm curved westward while approaching Belize and strengthened into a Category 2 hurricane ","stormy"
"2541","The wind began to blow harder. A storm was coming. The waves grew bigger and bigger. ","stormy"
"2542","It was as if the wind and rain had lulled at last, after a long and fearful storm. ","stormy"
"2543","Octave weakened to a storm at midday on September 14 and a depression 32 hours later ","stormy"
"2544","1527 November upper Texas coast If this storm occurred, then it would be one of two November hurricanes to hit Texas ","stormy"
"2545","Thunderstorms began to redevelop near the center, and by midday on August 23 Dom was a tropical storm once more ","stormy"
"2546","Around midday on September 13, the storm strengthened into a Category 5 hurricane, based on the anemometer at San Juan observing sustained winds of 160 mph (268 km/h) ","stormy"
"2547","Post-storm analysis from the JTWC indicated, however, that the depression had attained tropical storm midday on October 3 ","stormy"
"2548","One death was indirectly attributed to the storm when a man drowned in rough surf off the Texas coast ","stormy"
"2549","Alberto strengthened steadily over the Gulf of Mexico, and by midday on July 3, it peaked as a strong tropical storm with maximum sustained winds of 65 mph (100 km/h) ","stormy"
"2550","Similarly, as I sat amidst the lightning, thunder, wind, and rain, I calmly observed its presence, but I chose not to identify with it. ","stormy"
"2551","In mid-September, a tropical storm moved up the Baja California coast ","stormy"
"2552","I think she must have got heatstroke. The temperature was too high these two days, many people also had these symptoms, due to the weather. ","sunstroke"
"2553","If you ran around like a typical Londoner for a week or two in the Philippines, you'd most likely die of heat stroke and exhaustion. ","sunstroke"
"2554","Braving the sun every day, stand Junzi take the goose, sweating, there are a lot of heat, but I still suffer. ","sunstroke"
"2555","In a few documented cases users have died as a result of dehydration and heat stroke . ","sunstroke"
"2556","The large number of people who lost consciousness because of heat syncope overwhelmed emergency medical technicians ","sunstroke"
"2557","The biggest killers in the desert are heatstroke and dehydration, which come on very quickly. ","sunstroke"
"2558","A person suffering heat exhaustion feels weak and extremely tired. He or she may have trouble walking normally. ","sunstroke"
"2559","Ellison died at home from heat disease on December 6, 1924 ","sunstroke"
"2560","Fell dead from his horse, attributed to heat stroke, near Manila on February 5, 1899 ","sunstroke"
"2561","So what can you do to help prevent heat stroke and other heat related illnesses? ","sunstroke"
"2562","almost 5000 people suffered from heat stroke and heat exhaustion, particularly the elderly ","sunstroke"
"2563","eight subjects had heat exhaustion . one had heat syncope ","sunstroke"
"2564","This old man suffered from heatstroke on a hot sunny day ","sunstroke"
"2565","But, when the temperature gets above 40 degrees Celsius, he said, more athletes could face heat stroke ","sunstroke"
"2566","Heat exhaustion may also produce a feeling of sickness, a fastheartbeatheartbeat, breathing problems and pain in the head, chest or stomach. ","sunstroke"
"2567","Sunstroke is caused. By exposure to the sun and characterized by a rise in temperature , convulsions, and coma . ","sunstroke"
"2568","Longtime activity of exposing the old to the scoring sunshine without a straw hat and a gentle-colored dress can suffer heatstroke. ","sunstroke"
"2569","Overexposure to the sun can be the cause of heatstroke, when the body stops perspiring and body temperature rises dramatically. ","sunstroke"
"2570","Heatstroke is the most dangerous condition, where the body can no longer control its temperature and people become confused, disorientated, have fits and fall unconscious. ","sunstroke"
"2571","Heatstroke occurs when normal body mechanisms cannot keep the body's temperature in a safe range. ","sunstroke"
"2572","the following afternoon, he was in a coma and a doctor had diagnosed him with ""hyperthermia, probably secondary to heat stroke"" ","sunstroke"
"2573","In summer, those sweating much could drink some salty soda to prevent sunstroke. ","sunstroke"
"2574","The best way to avoid heatstroke is to stay out of the sun (or any hot confined place) and drink fluids regularly. ","sunstroke"
"2575","If symptoms of heat stroke, should be out in time hot environment, to the cool place to rest, take some drugs like Shi Dishui. ","sunstroke"
"2576","Debility caused by exposure to heAT and humidity, usually for many hours, called sunstroke when caused by direct sunlight. ","sunstroke"
"2577","'''heat stroke''', also known as '''sun stroke''', is a type of severe heat illness that results in a body temperature greater than ","sunstroke"
"2578","Hoppner's artistic and creative talents were useful during these voyages ","talent"
"2579","He was judged to be inferior in talent to his brother ","talent"
"2580","Then he discovered the hidden talent of voicing and dubbing and gradually embarked upon that journey ","talent"
"2581","Zhang is talented but I was not prepared for what I was going to see in that studio. ","talent"
"2582","His father encouraged his artistic talent and enabled him to take a round-lhc-world journey of several years after graduating from college. ","talent"
"2583","The monks observe Obadiah has extraordinary control over his body, a natural talent for martial arts, and flawless skill with a bow and arrow ","talent"
"2584","This lad has remarkable talent and will do big things, mark my words ","talent"
"2585","Though there is no questioning the composer's musical genius, his reputation is clouded by his virulent anti-Semitism. ","talent"
"2586","As a child , sculptor Anne Whitney showed a high-level intellect and artistic talent ","talent"
"2587","It is said that the brothers inherited their fathers talent for drawing and poetry ","talent"
"2588","He received his early schooling from a maternal aunt and had a gift for mathematics, as did his younger brother Hans, who became a distinguished astronomer ","talent"
"2589","as a boy ten or eleven years old, was admitted to the Conservatoire without question in view of his talent ","talent"
"2590","They are likely to have artistic talent, or at least great interest in art, architecture, and design. ","talent"
"2591","Early in the voyage he decided that he could write a book about geology, and he showed a gift for theorising ","talent"
"2592","(acquire) Generally speaking, one's gift for language is born with instead of being acquired. ","talent"
"2593","The project primarily included holding talent searches with the intent of identifying gifted youth, particularly in the area of mathematics ","talent"
"2594","Second, the basis for nomination into a program for gifted children is high intelligence. ","talent"
"2595","Joseph music natural gift is extremely high , more erudite than his elder brother and. ","talent"
"2596","He is a composer, with special artistic talent creates special artistic achievement. ","talent"
"2597","Different hypotheses may explain part of the language-learner's gift ","talent"
"2598","In fact, she stated that as a child she had a gift for telling stories, but that she demanded all her audiences be boys ","talent"
"2599","Whether they?re talented mathematicians, show a flair for literature or are flourishing artists, these kids all have the potential to go far"" ","talent"
"2600","He is an extremely talented craftsman and very gifted in experimental science ","talent"
"2601","These birds are traditionally fed by the temple priests and arrive before noon to feed on offerings made from rice, wheat, ghee and sugar ","temple"
"2602","On the grounds of the Senso -ji temple in Asakusa you will find an beautiful example of a five storied pagoda which is the most common. ","temple"
"2603","It started from Silla and Goryeo Dynasty that monk formed and administrated tea forest around the temple and it passed down as their possession ","temple"
"2604","Tibet is often associated with the scent of burning incenses and ever-lit butter lanterns in monasteries ","temple"
"2605","From his savings, like a bird and also with donation from devotees he slowly started to construct the temple like ","temple"
"2606","For instance, the Fire Temple was based on the Yellow Crane Tower, as its flame-like architectural elements were a perfect motif for the Fire Nation architecture according to the creators ","temple"
"2607","StLouis Cathedral was built on Byrsa Hill starting in 1884, atop an ancient temple ","temple"
"2608","Several inscriptions suggest that the temple of Endovelicus was used as an oracle ","temple"
"2609","The Temple might also have offered asylum for those threatened with arbitrary arrest by patrician magistrates ","temple"
"2610","He himself donated a large amount of jewelry and utensils to the Puri temple during the 41 anka of his rule ","temple"
"2611","This serial is a journey on the life of Swaminarayan, which includes places of worship and temples in India and around the world ","temple"
"2612","A slave could claim asylum in a temple or at an altar, just like a free man ","temple"
"2613","A wizard arrives by canoe at the burned ruins of an ancient temple ","temple"
"2614","It was a custom to serve food in a patravali for guest meal or celebrations, temple prasadam ","temple"
"2615","The two brothers are said to have distinguished themselves as architects, especially in building temples and palaces ","temple"
"2616","The Temple of the Six Banyan Trees, the Buddhist temple, was built in 537AD to enshrine Buddhist relics brought over from India. ","temple"
"2617","The river Mahi is worshipped by many people and has many temples and places of worship along its shore ","temple"
"2618","Most of the devotees attend the temple during the midday and in the evenings ","temple"
"2619","The popular Tirumala Venkateswara Temple is located on this hill ","temple"
"2620","On Sundays, many temple goers bring food to be donated to the monks ","temple"
"2621","The emperor Xiaowen is said to have ordered the construction of a temple, deep in a mountain forest, in honour of a wandering Indian monk. ","temple"
"2622","This temple is known to be the family temple of brother of King Janak, King Kushadhwaja ","temple"
"2623","Near the northern shore of the lake lies Jade Islet, on which the Temple of the Jade Mountain (''Ngoc Son Temple'') stands ","temple"
"2624","The Sam Poo Kong temple in Semarang was built to commemorate Zheng He's voyage to Java ","temple"
"2625","In Korea, a crane dance has been performed in the courtyard of the Tongdosa Temple since the Silla Dynasty (646 CE) ","temple"
"2626","Located in the east of Kyoto sound plume mountain water temple was built 1200 years ago. ","temple"
"2627","There stands a great temple on the top of that hill ","temple"
"2628","One of the wooden pillars in the mandapa is used as the oracle pillar in the temple ","temple"
"2629","The gems in this temple are the four small towers and one main tower that build the Temple ","temple"
"2630","One day a section of the divided group came to the temple at noon ","temple"
"2631","The next day, this person has encountered difficult for it to Kuan Yin temple. ","temple"
"2632","He opens it and is moved to find that it is the toy sailboat that he had wanted as a boy ","toy"
"2633","There is no exact date for when the first hula hoop was made, but it seems to be an ancient toy. ","toy"
"2634","Rag dolls made by American slaves served as playthings for slave children ","toy"
"2635","Lego products had previously been marketed towards both boys and girls as far back as 1958, when Town Plan toy sets featured images of boys and girls on the boxes ","toy"
"2636","Play with blocks or Lego. Make people you know or build familiar places ","toy"
"2637","After 20minutes, the little boy picked up a toy plane, walked up to my Dad and said, ""how much for this, Mister? "" ","toy"
"2638","I come from the fourth grade five, my name is john, I was 10 years old, and I like dolls and yo-yo ","toy"
"2639","As children, the brother and sister fought over a toy ","toy"
"2640","On the seat opposite me sat my big rag doll, Nancy, in a new gingham dress and a be ruffled sunbonnet, looking at me out of two bead eyes. ","toy"
"2641","She still remembered her own kindergarten classroom from 1985: it had a sandbox, blocks and toys. ","toy"
"2642","They can play with a multitude of toys ranging from strings, to small furry toys resembling prey  ","toy"
"2643","the Crusader 101 was easily among the largest and most detailed toy cars on the market ","toy"
"2644","The pinball machine features a shaker motor, two captive balls and a crane toy ","toy"
"2645","Here smaller items such as tops, ball-in-cup, yoyos and toy cars are made in wood along with utilitarian and decorative items for the home ","toy"
"2646","Our daughter is playing with her baby doll on the living-room floor ","toy"
"2647","The name is derived from the toy yo-yo which goes up and down a string ","toy"
"2648","While the yo-yo today is a toy for kids, it didn't start out that way ","toy"
"2649","Toys in the form of a flying model bird are also popular ","toy"
"2650","And in one Yorkshire factory, toy-hungry fathers discovered that its basic product, round doorknobs, could serve a new use as yoyo s. ","toy"
"2651","One very traditional toy were hens and doves whose heads and tails move when a ball attached to strings extending underneath is swung ","toy"
"2652","The toy can be configured to create other animal sounds such as the meowing of a cat, the sound of a bird, or the bleat of a sheep ","toy"
"2653","The puppets' designs include glass eyes and accessories like hats and hairpieces ","toy"
"2654","it was just . a baby doll . she was pink and soft and beautiful ","toy"
"2655","The children had a lot of fun with the building blocks ","toy"
"2656","these toys were marketed primarily towards young boys ","toy"
"2657","A large number of terracotta animal and bird figurines were meant undoubtedly to be children's toys ","toy"
"2658","They were the best because if you got all six of the toys together, you could make Devastator. One of the best Transformers toys ever. ","toy"
"2659","This toy was also sometimes known as a '''cock horse''' (as in the nursery rhyme ''Ride a cock horse to Banbury Cross'') or '''stick horse''' ","toy"
"2660","As he walks away he smiles & places his hand on the toy camel that is he now has attached to his belt ","toy"
"2661","Ha ! They are all lovely, How much is the panda toy? ","toy"
"2662","The different toy varieties such as the spinning tops, rattles, and animal figures brought a smile to every child's face ","toy"
"2663","I would also like to give him the yo-yo, which I saw him admiring at KB Toys. ","toy"
"2664","Finally blankly smiled and looked at the little dolls that little doll is what I want little guardian angel. ","toy"
"2665","One time, he rear-ended a guy on the 101 freeway, and just left the scene because the guy got out of his car and started screaming at him. ","Traffic"
"2666","According to the traffic police introduction, neutral will lead to the car braking distance taxi, easy to extend the collision. ","Traffic"
"2667","After leaving school he joined the Royal Air Force, but in 1994 a motorbike accident left him paralysed from the waist down and he was invalided out of the force ","Traffic"
"2668","On the midday of the day he proposed, Amy and her fiance Nick were involved in a serious car accident ","Traffic"
"2669","A call is placed about a road traffic accident on Shore Road ","Traffic"
"2670","After breaking up with her boy, she becomes drunk and is a victim of a car accident she causes, and dies ","Traffic"
"2671","In 1991, Haggerty was again hospitalized after a motorcycle accident left him in a coma, recovering with no aftereffects ","Traffic"
"2672","He was involved in an automobile crash in 1976, during which he was driving 85 miles an hour while drunk ","Traffic"
"2673","He is then seriously injured in a car accident while driving under the influence of narcotics ","Traffic"
"2674","And right next to me here, is a giant articulated truck that's been picked up, turned over, crumpled in the front end, and smashed in, too. ","Traffic"
"2675","The story is about a girl named Nasrin who suffers disfiguring injuries in a car crash ","Traffic"
"2676","On his way to the 1992 Gen Con/Origins game fair, Scott died in a car accident ","Traffic"
"2677","In 1980, Puerto Rico was moved by the media news coverage of her death which resulted from the injuries sustained in an automobile accident in San Juan ","Traffic"
"2678","Both Russell and Hammett visit the site of the Russell family car accident ","Traffic"
"2679","In 1976, under the influence of alcohol, Schmitzer caused a car accident in which a pedestrian died ","Traffic"
"2680","red Mazda 6 because of excessive speed, collided with the vehicle in front, a powerful shock of the impact body is torn ","Traffic"
"2681","A speeding, drunk driver rammed into his car at an intersection ","Traffic"
"2682","Silla containers station train crash of 2010 April 8, 2010 Silla (V) 1 0 Crash of a train in manoeuvres into a string of containers cars ","Traffic"
"2683","But a motorcycle accident from the days and the Council, Natalie was seriously injured and was taken to hospital. ","Traffic"
"2684","She gets distracted when the Wesen is revealed to be in the car and hits a person and crashes the car ","Traffic"
"2685","Following the crash, Stone and her boyfriend are thrown from their respective cars in slow motion as they float in the air with tiny pieces of glass around them ","Traffic"
"2686","In Tivoli, on a walk to the river at noon of September 21, 2008, Zimmer was struck by a car ","Traffic"
"2687","But they get into a horrible car accident on the way and Ana is left in a deep coma ","Traffic"
"2688","However, his brother's death certificate states he died in a traffic accident in the countryside ","Traffic"
"2689","A 51-year-old resident of the Mahabage area died in a multiple vehicle collision caused by a 16-year-old driving a luxury car ","Traffic"
"2690","A three-year-old German boy caused two car crashes within a week - and was driving both times. ","Traffic"
"2691","While speeding on a dense forest road, the women are blinded by sunlight, and Valerie loses control of the car, crashing ","Traffic"
"2692","In August 2008, Arnold broke his scapula in a motorcycle accident on the Pacific Coast Highway ","Traffic"
"2693","A severe consequence could be resulted from an accident due to gas leakage from tank of passenger car in a high speed rear-end impact. ","Traffic"
"2694","In 2009, Rupp's body was found behind the wheel of his Mercedes in the Danube river in an apparent car accident ","Traffic"
"2695","He suffered permanent spinal chord injuries after a traffic accident in 2007 ","Traffic"
"2696","As a result of the driver's momentary carelessness, there was a serious accident. ","Traffic"
"2697","When Tara suffered a neck injury from a car accident, he refused to take her to the hospital ","Traffic"
"2698","Drink-drivers, people who ran red lights, and hit-and-run drivers were also involved in many accidents, said the statement. ","Traffic"
"2699","His only son, the poor lad, died in a fatal traffic accident ","Traffic"
"2700","A truck lost control coming down Greenmount Hill and rolled over at the intersection, after crashing into six vehicles on the hill and another 14 at the intersection ","Traffic"
"2701","One night, on their way to school, the brothers and Yui get involved in an unexplainable fiery car crash ","Traffic"
"2702","Most of the crashes have involved heavy goods vehicles which are not able to slow down sufficiently to make the sharp bend after picking up speed on the hill ","Traffic"
"2703","Sabadell train crash of June 1920 June 21, 1920 Sabadell (B) 5 3 A runaway string of freight cars collided with a freight train ","Traffic"
"2704","In his junior year, Superboy again feels helpless when he isn't present to stop an automobile accident involving Ducky, caused by his own drunk driving ","Traffic"
"2705","She was seriously injured in a car accident in December 2015, and therefore uses a wheelchair ","Traffic"
"2706","He died on 29 July 2012 as a result of injuries sustained in a car crash in the Stony Hill area of Kingston, aged 44 ","Traffic"
"2707","In 1954, he sustained a cervical spinal cord injury in an automobile accident and was paralyzed ","Traffic"
"2708","He later broke his hip in an automobile accident in 1951 ","Traffic"
"2709","He has been driven mad by the deaths of his wife and son, who were killed in an automobile accident earlier that morning ","Traffic"
"2710","At the age of eight, she was struck by an automobile in front of the family home, and her legs suffered multiple fractures ","Traffic"
"2711","My car bumped against someone when I was driving ","Traffic"
"2712","Miscarried her first child in a car accident with Vince ","Traffic"
"2713","A woman died in a traffic accident, attributed to wet road conditions, along the Bundesstra?e 303 in the Bayreuth district ","Traffic"
"2714","A van coming from the opposite direction crashed into her vehicle's driver side, and she suffered a bruised heart, a bruised spleen, a sprained back and a shattered knee ","Traffic"
"2715","The little boy received his first violin lessons during the school education ","training"
"2716","The content of the curriculum can also act as a form of discrimination against refugee children involved in the education systems of first asylum countries ","training"
"2717","for gifted and highly motivated students, fern creek offers an advanced program curriculum that provides even more stimulating coursework ","training"
"2718","As of the 2008 school year, the music program has expanded to include such as classes as piano, guitar, big band, and string ensemble ","training"
"2719","He is a professor of physics in the Berkeley Center for Theoretical Physics at the University of California, Berkeley, where he teaches courses on quantum field theory and string theory ","training"
"2720","Sometimes he worked from night up to morning, then studied his lessons and started teaching up to midday and after that he himself attended one of his masters? class ","training"
"2721","Coding will be introduced from class 6 and experiential learning will be adopted ","training"
"2722","The second will include structured instruction with accompanying homework assignments on a variety of topics as described below. ","training"
"2723","they can also earn more by taking classes to improve their teaching , or by raising tests scores. ","training"
"2724","The mid-term and final exams will primarily test your ability to make sense of the narrative of the course. ","training"
"2725","Some of the topics include: using a to-do list, setting priorities , and reducing stress through time management. ","training"
"2726","And on my 17th birthday, my parents, knowing how much I loved speed, gave me one driving lesson for my 17th birthday. ","training"
"2727","Online learning activities exert great influence on quality of online courses and effects of online study. ","training"
"2728","In keeping with this curriculum and practices, Larson has written a book titled ''Mathematical Practices'', with examples of how teachers can implement the curriculum and practices in Grades K-8 ","training"
"2729","In 2003, a string program was instituted for primary students ","training"
"2730","The course work covered the baking and pastry skills that will be used in the baking field of the food service industry and were taught by professional chef instructors ","training"
"2731","Work on the capacity building of teachers to implement government initiated curriculum reforms ","training"
"2732","A teacher can craft new tools based on the mathematical and pedagogical needs of a lesson without the traditional limits of a fixed set of generic tools ","training"
"2733","Request to attend courses that will improve your skills and knowledge base ","training"
"2734","Your biggest potential expenditure is for instructor-led courses (online or in a vendor classroom) ","training"
"2735","Take a training course and get a license ","training"
"2736","In Years 9 and 10, the curriculum broadens as the boys enter Stage 5 ","training"
"2737","Taking a course or attending a conference is just the beginning of learning new technology and techniques ","training"
"2738","Computer classes for both boys and girls have been started in Senior Boys and Girls wings ","training"
"2739","It is a curriculum, a course in understanding country blues guitar using various keys, tunings, timings, standard notation, tablature, chord charts, and fingerpicking techniques ","training"
"2740","these classes included such subjects as weapons training for self-defense, antiriot procedures, traffic and crowd control, first aid, and fire-fighting ","training"
"2741","Traditional courses description is unclear, and curriculum targeted useless, the collective class on the form of large class ","training"
"2742","All these instructors are certified in the discipline they teach and bring an intense enthusiasm for the classes they teach. ","training"
"2743","I'm just telling myself that the first half of this class, I've been doing well and I comprehended almost every important point thoroughly. ","training"
"2744","These have included swords, machine guns, and traditional vampire-slaying tools such as stakes and crosses ","vampire"
"2745","Their disagreeable bat , the symbol thinking that it is a vampire and a demon ","vampire"
"2746","When she offers to make her brother a vampire, he stakes her ","vampire"
"2747","Have you ever heard the legend that the werewolf will come out in the full moon night? ","vampire"
"2748","Bergman is transferred to a hospital but after becoming a vampire, he is burned alive when a nurse opens the window and lets the sunlight in ","vampire"
"2749","Justin discovers Juliet is a vampire, and she tells him she knows he is a wizard ","vampire"
"2750","The werewolf and vampire are similar in many ways ","vampire"
"2751","Dracula is a vampire that sleeps in a coffin during the day ","vampire"
"2752","Vampires have long been a part of the folklore of certain areas, particularly in parts of Eastern Europe. ","vampire"
"2753","The only way one can be turned into a vampire is to be drained out of blood, with not even one drop left, like a living corpse. ","vampire"
"2754","There was a Slavic belief that those who had been werewolves in life would become vampires after death ","vampire"
"2755","However, the werewolf and vampire myths spring from6 very different origins ","vampire"
"2756","She is an enigmatic oracle who guides vampires towards their destiny, specifically Sam, and later turns him into the fourth vampire elder ","vampire"
"2757","All vampires have red eyes and fangs, and will burn if subjected to direct sunlight ","vampire"
"2758","In the novel, Dracula isn't killed by a wooden stake to the heart, the usual way to kill a vampire in folklore, but by a bowie knife. ","vampire"
"2759","for example, a Christian vampire would fear the cross, but a Jewish vampire would not ","vampire"
"2760","As Angel grapples with the vampire in a food court, Spike throws the blade from a meat slicer, severing the hand upon which the vampire is wearing the Gem ","vampire"
"2761","Dogs, cats, plants or even agricultural tool could become vampires ","vampire"
"2762","Aurora stabs him with a cross, revealing that he was a vampire ","vampire"
"2763","Next to her, three other vampires with golden eyes stared at me with open curiosity. ","vampire"
"2764","Vampires were identified by handing out garlic in church and observing who did not eat it. ","vampire"
"2765","Since then, were wolves can only turn on a full moon and vampires are weakened by the sun ","vampire"
"2766","He is also the elder brother of the founding vampires, possessing both intelligence and reason ","vampire"
"2767","Garlic hung in Windows or chimneys was believed to ward off vampires and werewolves, too ","vampire"
"2768","How about stakes through the heart? Reflections? Photographs? Holy water? Garlic? All that traditional vampire lore. ","vampire"
"2769","vampires fear as the sun, can only live in the dark. ","vampire"
"2770","*''Streets of the Long Voyage'' (1970) *''The Inspector of Tides'' (1972) *''Drug Poems'' (1972) *''Memoirs of a Velvet Urinal'' (1975) *''Voyage into Solitude'' (1978), ed ","verse"
"2771","The title comes from Kipling's 1915 poem, ''My Boy Jack'' ","verse"
"2772","? He said the poems in ''The Painting Birds'' were ?acutely observant commentaries unbridled by time, topic or geography ","verse"
"2773","Similar to ""Vacancy"", the verses of ""Strange Illusions"" were taken from a poem by Skelly, matched to chords by Power ","verse"
"2774","Her first book of poetry, ''This Kind of Bird Flies Backward'', was published in 1958 by Hettie Jones and LeRoi Jones' Totem Press ","verse"
"2775","However this brief verse is the only information the canon scriptures give to this voyage ","verse"
"2776","His writings included four journals chronicling whaling voyages and two manuscript volumes of poetr ","verse"
"2777","He later composed the poem ''Gillean Chorea'' (""The Lads in Korea""), in which he declared that the recording had brought back his youth ","verse"
"2778","His poetry works include ''Peacocks and Squirrels'' and he has completed a first novel, on the life of Marie Bashkirtseff, a Ukrainian artist ","verse"
"2779","His own verse began appearing as early as 1827 and when his anthology ''The Forest Wreath'' was published in 1833 he was hailed as a prodigy ","verse"
"2780","The poems Gong wrote on the journey were later compiled into a book, ''Ji Hai Miscellaneous Poems,'' which is still quite popular among Chinese people today ","verse"
"2781"," poet's journey to the infernal regions, where he encounters figures representing forms of suffering and terror ","verse"
"2782","Jackson uses the 14th-century Dutch 'Van Sente Brandane' as the basis for his poetry collection ''The Voyage of St Brendan'' (Bloodaxe Books, 2021) ","verse"
"2783","Writing style and Theme The Voyage of the Arctic Tern is a work of historical fantasy told in poetic form, with an alternate endrhyme ","verse"
"2784","The poem is headed by the statement 'Written for the lads in France during the Great War' ","verse"
"2785","Purdy also wrote a poem entitled ""At the Quinte Hotel"" about the strip club in Trenton called The Sherwood Forest Inn ","verse"
"2786","Rodriguez compared the succession of poems to stages in a ""veritable interior voyage"" ","verse"
"2787","Sackville's first important literary work was the poem ''Induction'', which describes the ","verse"
"2788","Her poem ""The Oracle on River Street"" won third place for the Rhysling Award and was reprinted in the 2008 Rhysling anthology ","verse"
"2789","''A Convergence of Birds: Original Fiction and Poetry Inspired by the Work of Joseph Cornell'' ","verse"
"2790","While at the university, Bate Besong and Ba'bila Mutia founded Oracle, a journal of poetry edited by students ","verse"
"2791","He subsequently published two poems about the ship and this voyage: 'HMS ''Eclipse'' Approaches Freetown' ","verse"
"2792","she notes indeed that Tolkien wrote a 1955 poem called ''Imram'' about the voyage of the Irish monk Saint Brendan ","verse"
"2793","Her 1997 collection of poetry, ''Cocktails with Breughel at the Museum Caf?'', was selected as the winner of a national manuscript competition ","verse"
"2794","His first volume of poems, ''A Gloucestershire Lad at Home and Abroad'', was published in September 1916, shortly after his capture ","verse"
"2795","It was long, lean, shiny, and black, a paperback, over a hundred pages full of musical notes and chords and the most surprising poetry I?d ever read ","verse"
"2796","The text of the poem is as follows: Her lute hangs shadowed in the apple-tree, :While flashing fingers weave the sweet-strung spell :Between its chords ","verse"
"2797","The work employs a mixture of lyrical verse and prose, is highly allusive, and ranges in tone from formal to Cockney colloquial and military slang ","verse"
"2798","Phu later returned to Rayong to visit his father, and wrote a poem about the journey called ''Nirat Mueang Klaeng'' which became one of his most famous poems ","verse"
"2799","a poem by him which was published in 'Coracle', the official publication of the Iona Community (Scotland) ","verse"
"2800","He wrote about his poems, how they were born, their journeys so far and other author's views on them ","verse"
"2801","The poem takes place sometime during the poet's childhood and features a boy who loves his father, but is afraid of him ","verse"
"2802","Many of his best poems were inspired by such journeys ","verse"
"2803","It is one of three poems that Larkin wrote about train journeys ","verse"
"2804","In the poem, the speaker describes how, as a boy, he watched a pair of mocking-birds nesting, until one day the she-bird flew away and never returned ","verse"
"2805","In this poetry work, he let a range of symbolic birds express his own personal situation ","verse"
"2806","In 1841, he published a volume of prose and verse entitled ''The Forester's Offering'' ","verse"
"2807","She wrote the poetry books ''A Comrade is as Precious as a Rice Seedling'' and ''Journey: An Autobiography in Verse (1964-1995)'' ","verse"
"2808","The bulk of the poem describes this traumatic journey ","verse"
"2809","A poetic sequence, ""The Oracle"", was published in Landfall 60 (1961), the first poem of which subsequently appeared in Challis's collection, ''Building'' (Caxton, 1963) ","verse"
"2810","'''Little Boy Blue''' is a poem by Eugene Field about the death of a child, a sentimental but beloved theme in 19th-century poetry ","verse"
"2811"," The opening words of the poem The Gate of the Year"" struck a chord with a country facing the uncertainty of war ","verse"
"2812","This stringent structure restricted Tang poetry to the middle and upper classes and academia ","verse"
"2813","Along the way he composes 16 poems that sardonically capture his journey ","verse"
"2814","Even as the poem mourns Lincoln, there is a sense of triumph that the ship of state has completed its journey ","verse"
"2815","A Monmouthshire poet, Myfanwy Haycock, wrote a poem about the now disused windmill ","verse"
"2816","The poem refers The Little Boy, from the poems ""The Little Boy lost"" and ""The Little Boy found"" ","verse"
"2817","In 2011 Morrison released ''Clubland ? Second Edition'' (published by Fighting Cock Press USA), an enlarged collection of poems about rock & roll bars, written in verse ","verse"
"2818","The poems ""Mid-Term Break"" and ""The Blackbird of Glanmore"" are related to his brother's death ","verse"
"2819","''The Year's Best Days, for Boys and Girls'' was a collection of stories in prose and in verse, for young people ","verse"
"2820","Bishop also wrote a poem about special relativity, ""E = mc2"", which ends: Come little lad ","verse"
"2821","She released her debut poetry collection ''How to Cure a Ghost'' in 2019 and her debut novel ''Like a Bird'' in 2020 ","verse"
"2822","After sweeping up the coast quickly against light Japanese resistance, they captured Sio in early January 1944, having suffered only very light casualties ","war"
"2823","During 1915 and 1916 Pickthall trained in automobile mechanics to do her part in the war effort ","war"
"2824","Her brothers were killed in the war and she has said that moment was the hardest of the war for her ","war"
"2825","Her father and his wizard Unciel realize that an alliance between Dacia and Serre will protect their country from war ","war"
"2826","The victory cost the Yorktown and a destroyer, but Midway changed the complexion of the Pacific War literally overnight. ","war"
"2827","One of the soldiers who fought there was a boy called Elez Dervi?evi?, the youngest soldier to fight in the Soca battle in World War I ","war"
"2828","On 12 January 1982, he survived a car bomb explosion near his house in Beirut during the Lebanese Civil War ","war"
"2829","During the War of 1812, British forces acquired liberated slaves and freedmen who had fought on the side of the British during the conflict with the United States ","war"
"2830","His brother died in the Estonian War of Independence, 8 years older sister had died in Estonia a few years after World War II ","war"
"2831","Burgin brought food for prisoners of war housed on British prison ships in New York ","war"
"2832","Indiana remained anti-slavery and in the American Civil War remained with the Union and contributed men to the war ","war"
"2833","He was also the younger brother of General Sir Hubert Gough (1870?1963), who led the British Fifth Army on the Western Front during the First World War ","war"
"2834","Sweden became the target destination for deserters because it was the only country that granted asylum to Vietnam War deserters ","war"
"2835","The White Boys were adversely affected by the outbreak of the First World War ","war"
"2836","the fruits of their labors were used by both the Axis and Allied militaries in World War II (cf ","war"
"2837","After the outbreak of the Somali Civil War in 1991, some Somalis sought asylum in India ","war"
"2838","The boy was drafted as a ''Flakhelfer'' and was a prisoner of war for a short time ","war"
"2839","The King of Prussia Wilhelm I, the future emperor of the Imperial Germany, and Bismarck viewed the battle from the hills overlooking Sedan ","war"
"2840","The charge occurred on the first day of the war and was part of the larger Battle of Tuchola Forest ","war"
"2841","mccook was involved in several campaigns and battles in the western theater, including perryville, stones river, the tullahoma campaign, chattanooga, and chickamauga ","war"
"2842","Furthermore, the end of the war brought the end of large shipments of food seized from occupied nations that had sustained Germany during the war ","war"
"2843","When the forests of the high ranges reach maturity and bear fruit, the Blopikians set them on fire to start the war between the rival tribes ","war"
"2844","During this time the regiment took part in the Duffla Hill Expedition, the Second Afghan War, the Third Anglo-Burmese War, the Siege of Malakand and the Campaign against the Bunerwals ","war"
"2845","The North Vietnamese attacked minority ethnic hill tribes in Laos during the Vietnam War ","war"
"2846","'''Operation Rooster 53''' was an Israeli military operation during the War of Attrition to capture an Egyptian P-12 radar system ","war"
"2847","The name likely comes from the nearby thick forest known as The Wilderness Forest, where a Civil War battle nearby known as the Battle of the Wilderness occurred ","war"
"2848","the 77th was instrumental in the 20th group achieving its kill record of 432 enemy aircraft, 400 locomotives, 1,555 freight cars, 94 ammunition cars and 536 motor vehicles destroyed ","war"
"2849","The boy runs away, and when the war comes to Somalia, the boy goes to join an army camp ","war"
"2850","At the beginning of the war in 1937 the armour were organized in three Armoured Battalions, equipped with tanks and armoured cars from various countries ","war"
"2851","After Artabanus' death in 38 AD, a long civil war ensued between the rightful successor Vardanes I and his brother Gotarzes II ","war"
"2852","Japanese forces storm all China's landward defences by noon the following day ","war"
"2853","During the Second World War the Regiment served as an Infantry unit and in 1954 was converted to a Tank Regiment and subsequently in 1962 into an armoured car regiment ","war"
"2854","the final battle of the Seven Years' War in North America at the Battle of Signal Hill ","war"
"2855","The failure of this historical class war eventually drives him to a madhouse ","war"
"2856","By midmorning, the Spaniards were sweeping the coast with their artillery, and the fighting was fierce ","war"
"2857","The Civil War resulted in more construction in the Capitol Hill area, including the building of hospitals ","war"
"2858","forces would later on in the civil war return to the Masaya area to storm Coyotepe hill ","war"
"2859","By the late 1930s the boy was virtually grown up, and finding himself in London when war broke out in 1939 he joined the British army ","war"
"2860","The central town is circled by diminishing graveyard, hinting the wars ","war"
"2861","He served in the Army of Northern Virginia during the Peninsula Campaign and other battles, including the Battle of Gettysburg, where the regiment assaulted Cemetery Hill ","war"
"2862","At the outbreak of war in 1914, nineteen lads from the village had travelled to the barracks in Northampton to enlist ","war"
"2863","He later died in France while serving in the First World War during the Battle of the Argonne Forest just a month before the Armistice ","war"
"2864","Their incessant wars led to population dislocation, food shortages, and an increase in the slave trade ","war"
"2865","The brothers fought back against Germans and collaborators, waging guerrilla warfare in the forests of Belarus ","war"
"2866","The early part of the war consisted of a continual string of Swedish victories under Charles XII ","war"
"2867","The wars forced women to work in agriculture rather than pursue a degree as necessary items such as food and water started to become more scarce and expensive ","war"
"2868","The battle for Hill 262 began during the final stages of the Normandy Campaign ","war"
"2869","Fortunately for the Confederates, McDowell did not press his advantage and attempt to seize the strategic ground immediately, choosing to bombard the hill with the batteries of Capts ","war"
"2870","The campaign inflicted a string of defeats on the Xhosa, such as at Trompetter's Drift on the Fish River, and most of the Xhosa chiefs surrendered ","war"
"2871","Eventually, as more were formed, some moved into forested areas to begin partisan warfare ","war"
"2872","In the early 19th century numerous 'mozos' or lads from the Oscos joined the troops of Castropol in the War of Independence from French occupation ","war"
"2873","When referring to the new war between Nicea and Bulgaria, Rubruck described Michael as ""a mere lad whose power has been eroded"" by the Mongols ","war"
"2874","During the War of Independence of 1857, local people fought against the British in this forest ","war"
"2875","During the War of Attrition, Israeli commandos captured a Soviet-built P-12 radar station in an operation code-named Rooster 53 ","war"
"2876","5 million to implement a central plant that provides steam for heating for up to 80% of all on-campus ","warm"
"2877","Another way to warm the meal when a stove is unavailable is by putting it in the pocket of a coat during winter ","warm"
"2878","It has a coal-burning furnace that produces steam for heating ","warm"
"2879","Thanks to its high level of caffeine, a steamy mug of green tea will pick you up as it warms you up. ","warm"
"2880","FengWoMei mainly used for family use anthracite fire-making, heating, made the honeycomb cylindrical briquettes. ","warm"
"2881","Second method, electrothermal pad will enable us to be cooler in a blanket ","warm"
"2882","work, many people stay in air-conditioned rooms or heater do not feel cold next to it. ","warm"
"2883","door, boiler, of iron or steel, for central heating apparatus (excl. steam generators) ","warm"
"2884","Snow leaves, we will hold some fire heat, flames Wang Wang's ","warm"
"2885","They collected some firewood and made a fire to keep themselves warm ","warm"
"2886","that seat is close enough to the radiator so that I'm warm, yet not so close that I sweat. ","warm"
"2887","They added a coal furnace in the basement with radiators throughout the house for central heating ","warm"
"2888","He also built the first hot-air furnace system for the heating of homes ","warm"
"2889","The little country schoolhouse was heated by an old-fashioned coal stove ","warm"
"2890","Dress warmly inside your house when it's cold, instead of turning up the heat ","warm"
"2891","Forced-air and electric heating pad are currently the most effective noninvasive choices. ","warm"
"2892","The feet were positioned on top of the stove to become warm ","warm"
"2893","Water heating is composed of boiler or central heating, heating pipe, heating coil set water, such as several major components. ","warm"
"2894","We need not store away coal for winter any more because we have heating ","warm"
"2895","The electric blanket can keep you warm during your sleep in winter ","warm"
"2896","As powerless houses grew cold, residents bundled up and kept under blankets, went to stay or visit with others who had electricity, or used their car heaters to temporarily warm-up ","warm"
"2897","In homes with numerous rooms, more than one floor, air conditioning or large sized, a central furnace is often justified or required to ensure sufficiently uniform temperatures ","warm"
"2898","WWE history, one of the most famous professional wrestler ","wrestling"
"2899","I have heard smackdown used to describe a fight or physical contest -- like a wrestling competition ","wrestling"
"2900","Wrestling competitions were held not only in big cities, but also at country fairs and traveling shows ","wrestling"
"2901","Sumo is all about breaking the balance of your opponent without breaking your own body balance. ","wrestling"
"2902","Germany is a leading wrestling nation in Europe with many talented individuals. ","wrestling"
"2903","Not only was this my most difficult wrestling match of my life, it was my most embarrassing. ","wrestling"
"2904","A professional sumo wrestler, or rikishi, has many different rules and regulations to follow. ","wrestling"
"2905","In sumo wrestling, the biggest, fattest, heaviest dude is going to win, or at least have the advantage. ","wrestling"
"2906","Lance Palmer, a 140-pound high school wrestler(1) and four-time state champ recently wrestled a 650-pound black bear Ceaser at the annual Travel & Outdoor Show ","wrestling"
"2907","Cruiserweight Ariya Daivari and his brother Shawn Daivari, in his first WWE appearance since 2007, came out to interrupt them ","wrestling"
"2908","The wrestler pinned his opponent to the canvas. ","wrestling"
"2909","I've always been a huge fan of WWE and pro wrestling ","wrestling"
"2910","The winner of the tournament, which has taken place every summer for almost 650 years, is declared baspehlivan, or ""head wrestler ","wrestling"
"2911","Regarding his future in the wrestling industry, he said that he'd like to finish his career on his terms and return to WWE for a brief run and retirement match ","wrestling"
"2912","Both of the wrestlers tried to tumble the adversary with all their strength. ","wrestling"
"2913","Wrestling is an important activity in the lives of the Inner Mongolian people ","wrestling"
"2914","prior to competing against former professional wrestler larry brewbaker, williams wanted to prove a serious point on his insight concerning professional fighting and the association it has with age ","wrestling"
"2915","After circling around for a minute, the two wrestlers came to grips with each other. ","wrestling"
"2916","the following year she was one of the competitors in the annual copa antonio pe?a, which for the first time featured both male and female wrestlers fighting each other ","wrestling"
"2917","He performed for various territories of the National Wrestling Alliance (NWA), becoming a two-time NWA World Heavyweight Champion, and multi-time NWA Tag Team Champion with his brother Gerald Brisco ","wrestling"
"2918","'''The Last Show at the Madhouse''' was a professional wrestling live event produced by Extreme Championship Wrestling (ECW) on August 26, 1999 ","wrestling"
"2919","A contest can finish early if a wrestler wins the first 2 periods or pins his opponent ","wrestling"
"2920","It was said that every Maratha boy at the time could wrestle and even women took up the sport ","wrestling"
"2921","In 1935, Steve and his brother Paddy Casey joined the British Amateur Wrestling Team ","wrestling"
"2922","the wrestler stands in front of and facing a bent over opponent and places them in a gutwrench waistlock or a standing headscissors ","wrestling"
"2923","More frightening is that some dead walk in the streets, bloodthirsty, such as life, has already turned into a horrible zombie. ","zombie"
"2924","If an infection breaks out in a city of 500, 000 people, the zombies will outnumber the susceptibles in about three days. ","zombie"
"2925","Immortals killed by Designated Marksmen's rounds or monofilament cartridge will not respawn. ","zombie"
"2926","Desiring revenge, Lu returns to the town and hires Wu Lung, a Taoist priest, to raise several zombies to fight Pang ","zombie"
"2927","Upon arriving, he finds zombies springing from the graveyard ","zombie"
"2928","Reanimation of ghouls will decrease population. Reanimation of soulless will decrease unburied corpses. ","zombie"
"2929","As more and more zombie-fied creatures attack the group, they use every implement available to defend themselves ","zombie"
"2930","Once people are bitten or scratched by them would be infected, and even become a zombie immediately. ","zombie"
"2931","People but they bite or scratches on will be infected, and turned into zombies ","zombie"
"2932","After he's bitten by a beetle carrying a zombie virus, a tough soldier survives the infection, becoming only half zombie ","zombie"
"2933","Rick has been besieged by the number of zombie survivors of aid, after some struggling to fight, they eventually return to the field camp ","zombie"
"2934","Modern zombies are usually created, not by voodoo, but by infection ","zombie"
"2935","To ensure the animals' health, the food is supplied by the zoo, either from vending machines or a kiosk nearby ","zoo"
"2936","Trials were conducted at the Perth Zoo to determine whether the broad leaves deterred granivores from foraging the fruit by the short-billed black cockatoo funereus latirostris'') ","zoo"
"2937","The zoo orchard with trees such as mango, guava, and coconut supplies fruits for the park's daily requirement ","zoo"
"2938","A sea lion is poised to catch a piece of fish thrown by his keeper at the zoo in the German city of Stuttgart. ","zoo"
"2939","Zoo officials say they didn't have time to take the animal elsewhere ","zoo"
"2940","Zoo Central features a concessions area, carousel, and children's train ride that traverses the north side of the African Journey exhibit ","zoo"
"2941","Sparrows were also trapped as food for falconers' birds and zoo animals ","zoo"
"2942","The ''Mus?e zoologique'' is one of the oldest in France and is especially famous for its collection of birds ","zoo"
"2943","It serves as a petting zoo where visitors can feed the animals food provided by the zoo ","zoo"
"2944","Of course. Beijing Zoo is one of the biggest zoos in the world and has the most famous is the giant panda, a national treasure. ","zoo"
"2945","The youngster is now roaming around its pen and nibbling on fruit and flowers at Taronga Western Plains Zoo in New South Wales, Australi ","zoo"
"2946","When the Zoological Gardens was set up in 1876, he donated many birds and animals from his personal collection ","zoo"
"2947","Two captive individuals on a skewer of fruit The Egyptian fruit bat is well represented in zoos around the world ","zoo"
"2948","Zoos of various kinds are justifying their existence by providing a lifeline for the existence of critically endangered species. ","zoo"
"2949","In 1973, the zoo had 158 mammal species, 259 bird species, 56 reptile species and 7 fish species ","zoo"
"2950","guests can see the zoo's family of titi monkeys, a kinkajou, two Wied's marmosets, and a colony of African straw-colored fruit bats ","zoo"
"2951","SAI currently works with two zoos and one animal refuge to provide food and medical care with additional plans to work with more ","zoo"
"2952","At the Night Safari, you can _watch these animals in a more natural environment_ than in a normal zoo ","zoo"
"2953","A park or an institution in which living animals are kept and usually exhibited to the public. Also called zoological garden ","zoo"
"2954","A five-month-old red-necked wallaby joey pokes her head out of her mother's pouch at Taronga zoo, Sydney, Australia ","zoo"
"2955","Other zoo residents include black squirrel monkeys, pheasants, Japanese cranes and peafowls ","zoo"
"2956","At the Taman Safari Zoo in Indonesia, one-month-old Sumatran tiger twins and a pair of baby orangutans shared a room in the zoo's nursery. ","zoo"
"2957","A wildlife campaigner in Indonesia has accused the country's zoos of doing nothing to stop orangutangs from smoking cigarettes. ","zoo"
